-- phpMyAdmin SQL Dump
-- version 4.9.5deb2
-- https://www.phpmyadmin.net/
--
-- Host: localhost:3306
-- Generation Time: Feb 29, 2024 at 02:25 AM
-- Server version: 8.0.36-0ubuntu0.20.04.1
-- PHP Version: 8.0.30

SET SQL_MODE = "NO_AUTO_VALUE_ON_ZERO";
SET AUTOCOMMIT = 0;
START TRANSACTION;
SET time_zone = "+00:00";


/*!40101 SET @OLD_CHARACTER_SET_CLIENT=@@CHARACTER_SET_CLIENT */;
/*!40101 SET @OLD_CHARACTER_SET_RESULTS=@@CHARACTER_SET_RESULTS */;
/*!40101 SET @OLD_COLLATION_CONNECTION=@@COLLATION_CONNECTION */;
/*!40101 SET NAMES utf8mb4 */;

--
-- Database: `trade`
--

-- --------------------------------------------------------

--
-- Table structure for table `activate`
--

CREATE TABLE `activate` (
  `id` int NOT NULL,
  `uid` varchar(1000) NOT NULL,
  `token` varchar(1000) NOT NULL,
  `created_date` varchar(1000) NOT NULL,
  `activate_date` varchar(1000) NOT NULL
) ENGINE=InnoDB DEFAULT CHARSET=latin1;

--
-- Dumping data for table `activate`
--

INSERT INTO `activate` (`id`, `uid`, `token`, `created_date`, `activate_date`) VALUES
(1, '100079', 'c849aa56b3187ac682f3fb7a1bb99965', '1642327647', '1642327837'),
(2, '100080', '252dfc5e2847ca5a235252f1b36bbfd4', '1642327837', '1642327837'),
(3, '100081', '5bc2a4c4966a3465e7a1bdbee03d2da5', '1642327968', '1642327837'),
(4, '100082', '9bfa6b960572a8fd2d8677faf8cfe67d', '1642327972', '1642327837'),
(5, '100083', '0a507750d03eed3ed267719e785a0849', '1642328261', '1642327837'),
(6, '100084', '7a3412c55c87eb11a0bf53d9d8a04ace', '1642328282', '1642327837'),
(7, '100085', 'd136f59c5c9b4e27d2d4935ad815b022', '1642328342', '1642327837'),
(8, '100086', '69aa0d2dc4515744b176d8abeafbb082', '1642328449', '1642327837'),
(9, '100087', 'aa6a43350062758d94c0337f3ab418c9', '1642328494', '1642327837'),
(10, '100088', 'd064677b8e2b1d07918f0ad1765fe298', '1642328584', '1642327837'),
(11, '100089', 'a7d30e61b024493aac507ae9b031d3cb', '1642328711', '1642327837'),
(12, '100090', '7e860d2aedaf69269a46e364ff4de40e', '1642328922', '1642327837'),
(13, '100091', '83359bf678fca86f229f68e992aee56d', '1642333445', '1642333474'),
(14, '100092', '708c60a5a9e067cfa3b9d5fd66fc7807', '1642334164', '1642415293'),
(15, '100093', '9bc2ad016a83f1b77f8ddf2f1377993b', '1642334181', '1642334280'),
(16, '100094', '2718cb5abd38e29167e8efacd4ac62f3', '1642334676', '1642334692'),
(17, '100095', 'f862d94d03a279e99ab430c53844f476', '1642334912', '1642334939'),
(18, '100096', '0b8864f16f84e34f98391571470dc43f', '1642335153', '1642335190'),
(19, '100097', 'b8b43f0e08cd4ce219c496e4dacfb76a', '1642335157', '1642335214'),
(20, '100098', '352d070489d1a4ae6772af4e87e9cd65', '1642335703', '0'),
(21, '100099', 'c6d7f87ed53e8f889a9550f632ddd357', '1642335765', '0'),
(22, '100100', '06a62989d5ae001982ef1a8e721cd769', '1642335874', '1642996571'),
(23, '100101', '3de36be2e38e072cc9aea58836bbdd7e', '1642336130', '1642336150'),
(24, '100102', '59e9cd07780febf924b429245cf2cd22', '1642336276', '1642402819'),
(25, '100103', '39dce064ca450ba91c0bafc2d2be2a46', '1642336736', '1642337023'),
(26, '100104', '457226ea03bb0dce533a986f70eb5e8a', '1642340695', '1642340734'),
(27, '100105', '994570e074029dca0f03cc5883c5be45', '1642353244', '1642353280'),
(28, '100106', '30b47af479f6c58272402c9b6f4304e1', '1642369570', '0'),
(29, '100107', '5ac606c792574374593832d1051c09b3', '1642393990', '1642394434'),
(30, '100108', 'a37fda193026d4804fc519cb33f30ddf', '1642394067', '1642396509'),
(31, '100109', '020043f524d4deabad8e167945291220', '1642394139', '1642397582'),
(32, '100110', '9052510ab4355a8640e28a45057cabc9', '1642394215', '1642395940'),
(33, '100111', '7618780fbaff6c22b4c0e7e1f495e808', '1642395137', '1642396455'),
(34, '100112', '389d8f55b0f40c8497283648b0037fef', '1642412920', '1642396455'),
(35, '100113', 'ba8ba035f19a165da60f67bf95199c0b', '1642414291', '1642396455'),
(36, '100114', '0ad12e82e2afc6cecdd3a871f9990a53', '1642419514', '1642396455'),
(37, '100115', 'ad86aef51673f2a3397d1f60ca3d06f6', '1642496516', '1642396455'),
(38, '100116', 'fa2eaab37436b5c45587c609f12743f6', '1642510671', '111111'),
(39, '100117', '76e0d61f6d0aab9d702146da71b00160', '1642510975', '111111'),
(40, '100118', '1501d3cbee9d31d1a41d5d227a660928', '1642513328', '111111'),
(41, '100119', '557c53e90ccfe6c234c412662f098c76', '1642514248', '111111'),
(42, '100120', '6bcc96fbd4e2e6c4bb9f19f2675658d6', '1642517089', '111111'),
(43, '100121', '5e4812624ef84427f8c62fd8816a4f4a', '1642570642', '111111'),
(44, '100122', 'f1bcc151a3e82e30fea79a051a15f249', '1642570712', '111111'),
(45, '100123', '0f2d382309ef9e1730211936c466ac4c', '1642570811', '111111'),
(46, '100124', 'e0bf8109c7f3aaba036c0a9ffa65ae49', '1642571018', '1642571123'),
(47, '100125', '89d50c7222bbaa9f7d668d500b8101ff', '1642571202', '111111'),
(48, '100126', '8593065ab75752af4ead2e8087be0ecf', '1642571302', '111111'),
(49, '100127', '8388d81264cbe5884518c58a1ece2298', '1642571422', '111111'),
(50, '100128', '45f3fc567d5cf3897a9ba3ecdefa4d8c', '1642571735', '111111'),
(51, '100129', 'dc343e7e4053c2b31fc92db046e8cf7e', '1642572967', '1642574490'),
(52, '100130', 'd7c07fbe4b6bf09c4495ed03d355314d', '1642586141', '1642590527'),
(53, '100131', '6a102330809414afb17f7702153cbbac', '1642597715', '1642597763'),
(54, '100132', '6631d4d326619cd10f440db2db99ad2c', '1642598213', '1642604743'),
(55, '100133', '19004f3805baec195a9d57afed3e0b96', '1642598691', '1642598724'),
(56, '100134', '18686c28035f8784fbe20f1f81cf5d4c', '1642604380', '1642775285'),
(57, '100135', '07e45d8b0fb2ab8a54d6e36fed893556', '1642664206', '1642665658'),
(58, '100136', '3f6e7b3e3d6ad8b59c2e42073936980c', '1642671284', '0'),
(59, '100137', 'ec47c3f655dfcd4cabcadc77f40929bf', '1642751500', '1642751528'),
(60, '100138', 'd5f4243f30568f481f61ae106e65cdef', '1642753535', '1642769488'),
(61, '100139', '902cef325ae92ec4ded04889767e6140', '1642754403', '1642762544'),
(62, '100140', '735cc8a86b9897663b50ba7d9de79518', '1642781168', '1642781211'),
(63, '100141', '3776974272e68f0e20d3d65778fd93b1', '1642838775', '1642838823'),
(64, '100142', '71a21e8a274bbdbeb2ac42292144ca56', '1642842092', '1642842216'),
(65, '100143', '6d92fb0df673c1190a0ebf95d4b9a894', '1642862242', '1642864834'),
(66, '100144', '83d7f5413d0f3995cd744896e630e891', '1643023186', '0'),
(67, '100145', '0771acb3b8392b34067eb45192e5e4e3', '1643116825', '1643118047'),
(68, '100146', '3aa244320ef5ec3d69f9a254d59998b3', '1643132687', '1643132775'),
(69, '100147', '16960e27ea4e37c58d6cc71a1de4750c', '1643191445', '1643191482'),
(70, '100148', '570cb6db6f440c978b8f150c4ea56b61', '1643272111', '1643278732'),
(71, '100149', '0384df7c20c5a98d620f694d2498cec8', '1643299353', '1643306111'),
(72, '100150', 'bc0e9b7f128cf5929da182615814e4f2', '1643335351', '1643339484'),
(73, '100151', '4b9a3ab7358e4d59ecf4b0d061c8e17a', '1643362127', '0'),
(74, '100152', '77a6b21219c87371eac0de9a5b1eb03a', '1643362231', '1643362271'),
(75, '100153', '2fed679cb3a9e970bcf4377a17d2f92d', '1643666326', '0'),
(76, '100154', 'd88eb7ca58d7a832475fedeffe7be2ee', '1643761374', '1643761646'),
(77, '100155', '70e245c2813096d070625efde5fdb885', '1643805424', '1643806515'),
(78, '100156', '3b93ef0ef4bf24d7bc71b8527be96254', '1643811656', '1643812634'),
(79, '100157', '57ea0f9b5fc0ce27631e63842795cec5', '1643886635', '1643916037'),
(80, '100158', 'abc67435000a297f15f40439a0a2e0fb', '1643985890', '1643986983'),
(81, '100159', '1d96f212b20ca625ed2179fc76c2c3fa', '1644074201', '1644391616'),
(82, '100160', '7fa01a85f4994cccb024e804aaccb73d', '1644114641', '0'),
(83, '100161', '47b1ab47453db6eec95608444d64c017', '1644276407', '0');

-- --------------------------------------------------------

--
-- Table structure for table `admin`
--

CREATE TABLE `admin` (
  `id` int NOT NULL,
  `user` varchar(1000) NOT NULL,
  `password` varchar(1000) NOT NULL,
  `date_login` varchar(1000) NOT NULL
) ENGINE=InnoDB DEFAULT CHARSET=latin1;

--
-- Dumping data for table `admin`
--

INSERT INTO `admin` (`id`, `user`, `password`, `date_login`) VALUES
(1, 'elzgar', 'Bobys1234', '1709172624');

-- --------------------------------------------------------

--
-- Table structure for table `admin_bank`
--

CREATE TABLE `admin_bank` (
  `id` int NOT NULL,
  `bank` varchar(111) NOT NULL,
  `acc_name` varchar(111) NOT NULL,
  `acc_num` varchar(111) NOT NULL
) ENGINE=InnoDB DEFAULT CHARSET=latin1;

-- --------------------------------------------------------

--
-- Table structure for table `admin_routes`
--

CREATE TABLE `admin_routes` (
  `id` int NOT NULL,
  `path` text NOT NULL,
  `is_auth` tinyint(1) NOT NULL DEFAULT '0',
  `is_guest` tinyint(1) NOT NULL DEFAULT '0',
  `type` enum('control','view','all') NOT NULL DEFAULT 'all'
) ENGINE=InnoDB DEFAULT CHARSET=latin1;

--
-- Dumping data for table `admin_routes`
--

INSERT INTO `admin_routes` (`id`, `path`, `is_auth`, `is_guest`, `type`) VALUES
(3, 'login', 0, 1, 'all'),
(20, 'wddp', 1, 0, 'all'),
(21, 'master', 1, 0, 'all'),
(22, 'close_order', 1, 0, 'all'),
(23, 'open_master', 1, 0, 'all'),
(24, 'set_rate', 1, 0, 'all'),
(25, 'make_order', 1, 0, 'all'),
(26, 'deposit', 1, 0, 'all'),
(27, 'withdraw', 1, 0, 'all');

-- --------------------------------------------------------

--
-- Table structure for table `bank`
--

CREATE TABLE `bank` (
  `id` int NOT NULL,
  `userid` varchar(111) NOT NULL,
  `account_name` varchar(111) NOT NULL,
  `account_number` varchar(111) NOT NULL,
  `bank_name` varchar(111) NOT NULL,
  `status` enum('Active','Inactive') NOT NULL
) ENGINE=InnoDB DEFAULT CHARSET=latin1;

--
-- Dumping data for table `bank`
--

INSERT INTO `bank` (`id`, `userid`, `account_name`, `account_number`, `bank_name`, `status`) VALUES
(3, '100013', 'RIFKI DANU DIPUTRA', '0842325151', 'BCA', 'Active'),
(4, '10005', 'Bobys Chrisnanda', '1293819234', 'bobysbank', 'Active'),
(5, '100017', 'aaaaaaa', '12345678', 'aaa', 'Active'),
(6, '100012', 'Daniel Tri Satria', '1170656063', 'BCA', 'Active'),
(7, '100046', 'Arif Wibowo', '8220765670', 'Bca', 'Active'),
(8, '100014', 'Akbar Sido Pekso', '2290114759', 'BCA', 'Active'),
(9, '100049', 'Bayu firdaus', '', '', 'Active'),
(10, '100047', 'Ricky Irawan', '0662865263', 'Bca', 'Active');

-- --------------------------------------------------------

--
-- Table structure for table `hash`
--

CREATE TABLE `hash` (
  `id` int NOT NULL,
  `uid` varchar(1000) NOT NULL,
  `hash` varchar(1000) NOT NULL,
  `from_add` varchar(1000) NOT NULL,
  `value` varchar(1000) NOT NULL,
  `type` enum('TRC20','ERC20') NOT NULL,
  `date` varchar(1000) NOT NULL
) ENGINE=InnoDB DEFAULT CHARSET=latin1;

--
-- Dumping data for table `hash`
--

INSERT INTO `hash` (`id`, `uid`, `hash`, `from_add`, `value`, `type`, `date`) VALUES
(1, '100010', '242df69e322db9c8c241b8c6fd995a6ff59a146e456da7913ac1fc50d3794655', 'TABi4pVmYTucNzajmzx3iizXNLVVJ5C3gK', '9.9', 'TRC20', '1642323818'),
(2, '100017', '02dfcb7c49727e590ee359d7c28dd8d548fffd53014262c480f1b31ab7956658', 'TU43k3jUoW8LgCiRL7f2Ko5fm6R94yJjJZ', '9.9', 'TRC20', '1642326016'),
(3, '100159', 'e699334019aabc1a3319b9c0b3cdeebe4797edab1fd71195fcadf3652f9cf705', 'TQrY8tryqsYVCYS3MFbtffiPp2ccyn4STm', '49.5', 'TRC20', '1644082011');

-- --------------------------------------------------------

--
-- Table structure for table `history`
--

CREATE TABLE `history` (
  `id` int NOT NULL,
  `uid` varchar(111) NOT NULL,
  `type` varchar(111) NOT NULL,
  `description` mediumtext NOT NULL,
  `amount` varchar(111) NOT NULL,
  `from` varchar(111) NOT NULL,
  `date` varchar(111) NOT NULL
) ENGINE=InnoDB DEFAULT CHARSET=latin1;

--
-- Dumping data for table `history`
--

INSERT INTO `history` (`id`, `uid`, `type`, `description`, `amount`, `from`, `date`) VALUES
(1, '100086', 'profit_sharing', 'Get 0.27 USD from aaa4 (High)', '0.27', 'aaa4', '1642330939'),
(2, '100084', 'profit_sharing', 'Get 0.16 USD from aaa4 (High)', '0.16', 'aaa4', '1642330939'),
(3, '100081', 'profit_sharing', 'Get 0.11 USD from aaa4 (High)', '0.11', 'aaa4', '1642330939'),
(4, '100079', 'profit_sharing', 'Get 0.11 USD from aaa4 (High)', '0.11', 'aaa4', '1642330939'),
(5, '100001', 'profit_sharing', 'Get 0.05 USD from aaa4 (High)', '0.05', 'aaa4', '1642330939'),
(6, '100089', 'profit_sharing', 'Get 0.27 USD from aaa6 (High)', '0.27', 'aaa6', '1642330939'),
(7, '100088', 'profit_sharing', 'Get 0.16 USD from aaa6 (High)', '0.16', 'aaa6', '1642330939'),
(8, '100086', 'profit_sharing', 'Get 0.11 USD from aaa6 (High)', '0.11', 'aaa6', '1642330939'),
(9, '100084', 'profit_sharing', 'Get 0.11 USD from aaa6 (High)', '0.11', 'aaa6', '1642330939'),
(10, '100081', 'profit_sharing', 'Get 0.05 USD from aaa6 (High)', '0.05', 'aaa6', '1642330939'),
(11, '100080', 'profit_sharing', 'Get 0.27 USD from ccc (High)', '0.27', 'ccc', '1642330939'),
(12, '100079', 'profit_sharing', 'Get 0.16 USD from ccc (High)', '0.16', 'ccc', '1642330939'),
(13, '100001', 'profit_sharing', 'Get 0.11 USD from ccc (High)', '0.11', 'ccc', '1642330939'),
(14, '100001', 'profit_sharing', 'Get 0.11 USD from ccc (High)', '0.11', 'ccc', '1642330939'),
(15, '100001', 'profit_sharing', 'Get 0.05 USD from ccc (High)', '0.05', 'ccc', '1642330939'),
(16, '100084', 'profit_sharing', 'Get 0.27 USD from aaa3 (High)', '0.27', 'aaa3', '1642330939'),
(17, '100081', 'profit_sharing', 'Get 0.16 USD from aaa3 (High)', '0.16', 'aaa3', '1642330939'),
(18, '100079', 'profit_sharing', 'Get 0.11 USD from aaa3 (High)', '0.11', 'aaa3', '1642330939'),
(19, '100001', 'profit_sharing', 'Get 0.11 USD from aaa3 (High)', '0.11', 'aaa3', '1642330939'),
(20, '100001', 'profit_sharing', 'Get 0.05 USD from aaa3 (High)', '0.05', 'aaa3', '1642330939'),
(21, '100001', 'profit_sharing', 'Get 0.27 USD from aaa (High)', '0.27', 'aaa', '1642330939'),
(22, '100001', 'profit_sharing', 'Get 0.16 USD from aaa (High)', '0.16', 'aaa', '1642330939'),
(23, '100001', 'profit_sharing', 'Get 0.11 USD from aaa (High)', '0.11', 'aaa', '1642330939'),
(24, '100001', 'profit_sharing', 'Get 0.11 USD from aaa (High)', '0.11', 'aaa', '1642330939'),
(25, '100001', 'profit_sharing', 'Get 0.05 USD from aaa (High)', '0.05', 'aaa', '1642330939'),
(26, '100083', 'profit_sharing', 'Get 0.27 USD from eee (High)', '0.27', 'eee', '1642330939'),
(27, '100082', 'profit_sharing', 'Get 0.16 USD from eee (High)', '0.16', 'eee', '1642330939'),
(28, '100080', 'profit_sharing', 'Get 0.11 USD from eee (High)', '0.11', 'eee', '1642330939'),
(29, '100079', 'profit_sharing', 'Get 0.11 USD from eee (High)', '0.11', 'eee', '1642330939'),
(30, '100001', 'profit_sharing', 'Get 0.05 USD from eee (High)', '0.05', 'eee', '1642330939'),
(31, '100081', 'profit_sharing', 'Get 0.27 USD from aaa2 (High)', '0.27', 'aaa2', '1642330939'),
(32, '100079', 'profit_sharing', 'Get 0.16 USD from aaa2 (High)', '0.16', 'aaa2', '1642330939'),
(33, '100001', 'profit_sharing', 'Get 0.11 USD from aaa2 (High)', '0.11', 'aaa2', '1642330939'),
(34, '100001', 'profit_sharing', 'Get 0.11 USD from aaa2 (High)', '0.11', 'aaa2', '1642330939'),
(35, '100001', 'profit_sharing', 'Get 0.05 USD from aaa2 (High)', '0.05', 'aaa2', '1642330939'),
(36, '100082', 'profit_sharing', 'Get 0.27 USD from ddd (High)', '0.27', 'ddd', '1642330939'),
(37, '100080', 'profit_sharing', 'Get 0.16 USD from ddd (High)', '0.16', 'ddd', '1642330939'),
(38, '100079', 'profit_sharing', 'Get 0.11 USD from ddd (High)', '0.11', 'ddd', '1642330939'),
(39, '100001', 'profit_sharing', 'Get 0.11 USD from ddd (High)', '0.11', 'ddd', '1642330939'),
(40, '100001', 'profit_sharing', 'Get 0.05 USD from ddd (High)', '0.05', 'ddd', '1642330939'),
(41, '100085', 'profit_sharing', 'Get 0.27 USD from fff (High)', '0.27', 'fff', '1642330939'),
(42, '100083', 'profit_sharing', 'Get 0.16 USD from fff (High)', '0.16', 'fff', '1642330939'),
(43, '100082', 'profit_sharing', 'Get 0.11 USD from fff (High)', '0.11', 'fff', '1642330939'),
(44, '100080', 'profit_sharing', 'Get 0.11 USD from fff (High)', '0.11', 'fff', '1642330939'),
(45, '100079', 'profit_sharing', 'Get 0.05 USD from fff (High)', '0.05', 'fff', '1642330939'),
(46, '100088', 'profit_sharing', 'Get 0.27 USD from aaa5 (High)', '0.27', 'aaa5', '1642330939'),
(47, '100086', 'profit_sharing', 'Get 0.16 USD from aaa5 (High)', '0.16', 'aaa5', '1642330939'),
(48, '100084', 'profit_sharing', 'Get 0.11 USD from aaa5 (High)', '0.11', 'aaa5', '1642330939'),
(49, '100081', 'profit_sharing', 'Get 0.11 USD from aaa5 (High)', '0.11', 'aaa5', '1642330939'),
(50, '100079', 'profit_sharing', 'Get 0.05 USD from aaa5 (High)', '0.05', 'aaa5', '1642330939'),
(51, '100079', 'profit_sharing', 'Get 0.27 USD from aaa1 (High)', '0.27', 'aaa1', '1642330939'),
(52, '100001', 'profit_sharing', 'Get 0.16 USD from aaa1 (High)', '0.16', 'aaa1', '1642330939'),
(53, '100001', 'profit_sharing', 'Get 0.11 USD from aaa1 (High)', '0.11', 'aaa1', '1642330939'),
(54, '100001', 'profit_sharing', 'Get 0.11 USD from aaa1 (High)', '0.11', 'aaa1', '1642330939'),
(55, '100001', 'profit_sharing', 'Get 0.05 USD from aaa1 (High)', '0.05', 'aaa1', '1642330939'),
(56, '100079', 'profit_sharing', 'Get 0.27 USD from bbb (High)', '0.27', 'bbb', '1642330939'),
(57, '100001', 'profit_sharing', 'Get 0.16 USD from bbb (High)', '0.16', 'bbb', '1642330939'),
(58, '100001', 'profit_sharing', 'Get 0.11 USD from bbb (High)', '0.11', 'bbb', '1642330939'),
(59, '100001', 'profit_sharing', 'Get 0.11 USD from bbb (High)', '0.11', 'bbb', '1642330939'),
(60, '100001', 'profit_sharing', 'Get 0.05 USD from bbb (High)', '0.05', 'bbb', '1642330939'),
(61, '100089', 'profit_sharing', 'Get 0.54 USD from aaa6 (Low)', '0.54', 'aaa6', '1642331040'),
(62, '100088', 'profit_sharing', 'Get 0.32 USD from aaa6 (Low)', '0.32', 'aaa6', '1642331040'),
(63, '100086', 'profit_sharing', 'Get 0.22 USD from aaa6 (Low)', '0.22', 'aaa6', '1642331040'),
(64, '100084', 'profit_sharing', 'Get 0.22 USD from aaa6 (Low)', '0.22', 'aaa6', '1642331040'),
(65, '100081', 'profit_sharing', 'Get 0.11 USD from aaa6 (Low)', '0.11', 'aaa6', '1642331040'),
(66, '100082', 'profit_sharing', 'Get 0.54 USD from ddd (Low)', '0.54', 'ddd', '1642331040'),
(67, '100080', 'profit_sharing', 'Get 0.32 USD from ddd (Low)', '0.32', 'ddd', '1642331040'),
(68, '100079', 'profit_sharing', 'Get 0.22 USD from ddd (Low)', '0.22', 'ddd', '1642331040'),
(69, '100001', 'profit_sharing', 'Get 0.22 USD from ddd (Low)', '0.22', 'ddd', '1642331040'),
(70, '100001', 'profit_sharing', 'Get 0.11 USD from ddd (Low)', '0.11', 'ddd', '1642331040'),
(71, '100084', 'profit_sharing', 'Get 0.54 USD from aaa3 (Low)', '0.54', 'aaa3', '1642331040'),
(72, '100081', 'profit_sharing', 'Get 0.32 USD from aaa3 (Low)', '0.32', 'aaa3', '1642331040'),
(73, '100079', 'profit_sharing', 'Get 0.22 USD from aaa3 (Low)', '0.22', 'aaa3', '1642331040'),
(74, '100001', 'profit_sharing', 'Get 0.22 USD from aaa3 (Low)', '0.22', 'aaa3', '1642331040'),
(75, '100001', 'profit_sharing', 'Get 0.11 USD from aaa3 (Low)', '0.11', 'aaa3', '1642331040'),
(76, '100001', 'profit_sharing', 'Get 0.54 USD from aaa (Low)', '0.54', 'aaa', '1642331040'),
(77, '100001', 'profit_sharing', 'Get 0.32 USD from aaa (Low)', '0.32', 'aaa', '1642331040'),
(78, '100001', 'profit_sharing', 'Get 0.22 USD from aaa (Low)', '0.22', 'aaa', '1642331040'),
(79, '100001', 'profit_sharing', 'Get 0.22 USD from aaa (Low)', '0.22', 'aaa', '1642331040'),
(80, '100001', 'profit_sharing', 'Get 0.11 USD from aaa (Low)', '0.11', 'aaa', '1642331040'),
(81, '100083', 'profit_sharing', 'Get 0.54 USD from eee (Low)', '0.54', 'eee', '1642331040'),
(82, '100082', 'profit_sharing', 'Get 0.32 USD from eee (Low)', '0.32', 'eee', '1642331040'),
(83, '100080', 'profit_sharing', 'Get 0.22 USD from eee (Low)', '0.22', 'eee', '1642331040'),
(84, '100079', 'profit_sharing', 'Get 0.22 USD from eee (Low)', '0.22', 'eee', '1642331040'),
(85, '100001', 'profit_sharing', 'Get 0.11 USD from eee (Low)', '0.11', 'eee', '1642331040'),
(86, '100085', 'profit_sharing', 'Get 0.54 USD from fff (Low)', '0.54', 'fff', '1642331040'),
(87, '100083', 'profit_sharing', 'Get 0.32 USD from fff (Low)', '0.32', 'fff', '1642331040'),
(88, '100082', 'profit_sharing', 'Get 0.22 USD from fff (Low)', '0.22', 'fff', '1642331040'),
(89, '100080', 'profit_sharing', 'Get 0.22 USD from fff (Low)', '0.22', 'fff', '1642331040'),
(90, '100079', 'profit_sharing', 'Get 0.11 USD from fff (Low)', '0.11', 'fff', '1642331040'),
(91, '100079', 'profit_sharing', 'Get 0.54 USD from aaa1 (Low)', '0.54', 'aaa1', '1642331040'),
(92, '100001', 'profit_sharing', 'Get 0.32 USD from aaa1 (Low)', '0.32', 'aaa1', '1642331040'),
(93, '100001', 'profit_sharing', 'Get 0.22 USD from aaa1 (Low)', '0.22', 'aaa1', '1642331040'),
(94, '100001', 'profit_sharing', 'Get 0.22 USD from aaa1 (Low)', '0.22', 'aaa1', '1642331040'),
(95, '100001', 'profit_sharing', 'Get 0.11 USD from aaa1 (Low)', '0.11', 'aaa1', '1642331040'),
(96, '100086', 'profit_sharing', 'Get 0.54 USD from aaa4 (Low)', '0.54', 'aaa4', '1642331040'),
(97, '100084', 'profit_sharing', 'Get 0.32 USD from aaa4 (Low)', '0.32', 'aaa4', '1642331040'),
(98, '100081', 'profit_sharing', 'Get 0.22 USD from aaa4 (Low)', '0.22', 'aaa4', '1642331040'),
(99, '100079', 'profit_sharing', 'Get 0.22 USD from aaa4 (Low)', '0.22', 'aaa4', '1642331040'),
(100, '100001', 'profit_sharing', 'Get 0.11 USD from aaa4 (Low)', '0.11', 'aaa4', '1642331040'),
(101, '100079', 'profit_sharing', 'Get 0.54 USD from bbb (Low)', '0.54', 'bbb', '1642331040'),
(102, '100001', 'profit_sharing', 'Get 0.32 USD from bbb (Low)', '0.32', 'bbb', '1642331040'),
(103, '100001', 'profit_sharing', 'Get 0.22 USD from bbb (Low)', '0.22', 'bbb', '1642331040'),
(104, '100001', 'profit_sharing', 'Get 0.22 USD from bbb (Low)', '0.22', 'bbb', '1642331040'),
(105, '100001', 'profit_sharing', 'Get 0.11 USD from bbb (Low)', '0.11', 'bbb', '1642331040'),
(106, '100088', 'profit_sharing', 'Get 0.54 USD from aaa5 (Low)', '0.54', 'aaa5', '1642331040'),
(107, '100086', 'profit_sharing', 'Get 0.32 USD from aaa5 (Low)', '0.32', 'aaa5', '1642331040'),
(108, '100084', 'profit_sharing', 'Get 0.22 USD from aaa5 (Low)', '0.22', 'aaa5', '1642331040'),
(109, '100081', 'profit_sharing', 'Get 0.22 USD from aaa5 (Low)', '0.22', 'aaa5', '1642331040'),
(110, '100079', 'profit_sharing', 'Get 0.11 USD from aaa5 (Low)', '0.11', 'aaa5', '1642331040'),
(111, '100080', 'profit_sharing', 'Get 0.54 USD from ccc (Low)', '0.54', 'ccc', '1642331040'),
(112, '100079', 'profit_sharing', 'Get 0.32 USD from ccc (Low)', '0.32', 'ccc', '1642331040'),
(113, '100001', 'profit_sharing', 'Get 0.22 USD from ccc (Low)', '0.22', 'ccc', '1642331040'),
(114, '100001', 'profit_sharing', 'Get 0.22 USD from ccc (Low)', '0.22', 'ccc', '1642331040'),
(115, '100001', 'profit_sharing', 'Get 0.11 USD from ccc (Low)', '0.11', 'ccc', '1642331040'),
(116, '100081', 'profit_sharing', 'Get 0.54 USD from aaa2 (Low)', '0.54', 'aaa2', '1642331040'),
(117, '100079', 'profit_sharing', 'Get 0.32 USD from aaa2 (Low)', '0.32', 'aaa2', '1642331040'),
(118, '100001', 'profit_sharing', 'Get 0.22 USD from aaa2 (Low)', '0.22', 'aaa2', '1642331040'),
(119, '100001', 'profit_sharing', 'Get 0.22 USD from aaa2 (Low)', '0.22', 'aaa2', '1642331040'),
(120, '100001', 'profit_sharing', 'Get 0.11 USD from aaa2 (Low)', '0.11', 'aaa2', '1642331040'),
(121, '100112', 'add', 'Taking balance from trading account', '1096', 'Low Account', '1642512434'),
(122, '100112', 'deduct', 'Taking balance from trading account', '1096', 'Low Account', '1642512472'),
(123, '100093', 'add', 'Taking balance from trading account', '5000', 'High Account', '1642512891'),
(124, '100093', 'deduct', 'Taking balance from trading account', '500', 'High Account', '1642513680'),
(125, '100093', 'add', 'Taking balance from trading account', '500', 'Low Account', '1642513779'),
(126, '100095', 'add', 'Taking balance from trading account', '1000', 'High Account', '1642516324'),
(127, '100095', 'add', 'Taking balance from trading account', '1000', 'Low Account', '1642516355'),
(128, '100094', 'add', 'Taking balance from trading account', '2000', 'High Account', '1642516367'),
(129, '100094', 'add', 'Taking balance from trading account', '2000', 'High Account', '1642516388'),
(130, '100094', 'deduct', 'Taking balance from trading account', '2000', 'High Account', '1642517158'),
(131, '100094', 'add', 'Taking balance from trading account', '2000', 'Low Account', '1642517173'),
(132, '100109', 'add', 'Taking balance from trading account', '50', 'High Account', '1642518498'),
(133, '100092', 'add', 'Taking balance from trading account', '3000', 'High Account', '1642521189'),
(134, '100092', 'add', 'Taking balance from trading account', '1200', 'Low Account', '1642521202'),
(135, '100110', 'add', 'Taking balance from trading account', '50', 'High Account', '1642522018'),
(136, '100095', 'add', 'Taking balance from trading account', '1000', 'High Account', '1642530996'),
(137, '100095', 'add', 'Taking balance from trading account', '1000', 'Low Account', '1642531009'),
(138, '100096', 'add', 'Taking balance from trading account', '3500', 'High Account', '1642531043'),
(139, '100096', 'add', 'Taking balance from trading account', '500', 'Low Account', '1642531073'),
(140, '100111', 'add', 'Taking balance from trading account', '6345', 'High Account', '1642583581'),
(141, '100097', 'add', 'Taking balance from trading account', '2900', 'Low Account', '1642587153'),
(142, '100097', 'add', 'Taking balance from trading account', '2900', 'High Account', '1642587450'),
(143, '100113', 'add', 'Taking balance from trading account', '401', 'High Account', '1642597568'),
(144, '100112', 'add', 'Taking balance from trading account', '1000', 'High Account', '1642597668'),
(145, '100112', 'deduct', 'Taking balance from trading account', '1000', 'High Account', '1642597697'),
(146, '100112', 'add', 'Taking balance from trading account', '1096', 'Low Account', '1642597723'),
(147, '100100', 'add', 'Taking balance from trading account', '320', 'High Account', '1642597810'),
(148, '100102', 'add', 'Taking balance from trading account', '100', 'High Account', '1642597849'),
(149, '100103', 'add', 'Taking balance from trading account', '103', 'High Account', '1642600055'),
(150, '100107', 'add', 'Taking balance from trading account', '374', 'High Account', '1642605304'),
(151, '100108', 'add', 'Taking balance from trading account', '272', 'High Account', '1642605382'),
(152, '100092', 'profit_sharing', 'Get 0.19 USD from obengsatu@gmail.com (High)', '0.19', 'obengsatu@gmail.com', '1642700269'),
(153, '100091', 'profit_sharing', 'Get 0.12 USD from obengsatu@gmail.com (High)', '0.12', 'obengsatu@gmail.com', '1642700269'),
(154, '100001', 'profit_sharing', 'Get 0.08 USD from obengsatu@gmail.com (High)', '0.08', 'obengsatu@gmail.com', '1642700269'),
(155, '100001', 'profit_sharing', 'Get 0.08 USD from obengsatu@gmail.com (High)', '0.08', 'obengsatu@gmail.com', '1642700269'),
(156, '100001', 'profit_sharing', 'Get 0.04 USD from obengsatu@gmail.com (High)', '0.04', 'obengsatu@gmail.com', '1642700269'),
(157, '100092', 'profit_sharing', 'Get 0.24 USD from darrell.decoration@gmail.com (High)', '0.24', 'darrell.decoration@gmail.com', '1642700269'),
(158, '100091', 'profit_sharing', 'Get 0.14 USD from darrell.decoration@gmail.com (High)', '0.14', 'darrell.decoration@gmail.com', '1642700269'),
(159, '100001', 'profit_sharing', 'Get 0.1 USD from darrell.decoration@gmail.com (High)', '0.1', 'darrell.decoration@gmail.com', '1642700269'),
(160, '100001', 'profit_sharing', 'Get 0.1 USD from darrell.decoration@gmail.com (High)', '0.1', 'darrell.decoration@gmail.com', '1642700269'),
(161, '100001', 'profit_sharing', 'Get 0.05 USD from darrell.decoration@gmail.com (High)', '0.05', 'darrell.decoration@gmail.com', '1642700269'),
(162, '100086', 'profit_sharing', 'Get 0.73 USD from aaa4 (High)', '0.73', 'aaa4', '1642700269'),
(163, '100084', 'profit_sharing', 'Get 0.44 USD from aaa4 (High)', '0.44', 'aaa4', '1642700269'),
(164, '100081', 'profit_sharing', 'Get 0.29 USD from aaa4 (High)', '0.29', 'aaa4', '1642700269'),
(165, '100079', 'profit_sharing', 'Get 0.29 USD from aaa4 (High)', '0.29', 'aaa4', '1642700269'),
(166, '100001', 'profit_sharing', 'Get 0.15 USD from aaa4 (High)', '0.15', 'aaa4', '1642700269'),
(167, '100089', 'profit_sharing', 'Get 0.73 USD from aaa6 (High)', '0.73', 'aaa6', '1642700269'),
(168, '100088', 'profit_sharing', 'Get 0.44 USD from aaa6 (High)', '0.44', 'aaa6', '1642700269'),
(169, '100086', 'profit_sharing', 'Get 0.29 USD from aaa6 (High)', '0.29', 'aaa6', '1642700269'),
(170, '100084', 'profit_sharing', 'Get 0.29 USD from aaa6 (High)', '0.29', 'aaa6', '1642700269'),
(171, '100081', 'profit_sharing', 'Get 0.15 USD from aaa6 (High)', '0.15', 'aaa6', '1642700269'),
(172, '100080', 'profit_sharing', 'Get 0.73 USD from ccc (High)', '0.73', 'ccc', '1642700269'),
(173, '100079', 'profit_sharing', 'Get 0.44 USD from ccc (High)', '0.44', 'ccc', '1642700269'),
(174, '100001', 'profit_sharing', 'Get 0.29 USD from ccc (High)', '0.29', 'ccc', '1642700269'),
(175, '100001', 'profit_sharing', 'Get 0.29 USD from ccc (High)', '0.29', 'ccc', '1642700269'),
(176, '100001', 'profit_sharing', 'Get 0.15 USD from ccc (High)', '0.15', 'ccc', '1642700269'),
(177, '100091', 'profit_sharing', 'Get 2.7 USD from kenny.ava (High)', '2.7', 'kenny.ava', '1642700269'),
(178, '100001', 'profit_sharing', 'Get 1.62 USD from kenny.ava (High)', '1.62', 'kenny.ava', '1642700269'),
(179, '100001', 'profit_sharing', 'Get 1.08 USD from kenny.ava (High)', '1.08', 'kenny.ava', '1642700269'),
(180, '100001', 'profit_sharing', 'Get 1.08 USD from kenny.ava (High)', '1.08', 'kenny.ava', '1642700269'),
(181, '100001', 'profit_sharing', 'Get 0.54 USD from kenny.ava (High)', '0.54', 'kenny.ava', '1642700269'),
(182, '100084', 'profit_sharing', 'Get 0.73 USD from aaa3 (High)', '0.73', 'aaa3', '1642700269'),
(183, '100081', 'profit_sharing', 'Get 0.44 USD from aaa3 (High)', '0.44', 'aaa3', '1642700269'),
(184, '100079', 'profit_sharing', 'Get 0.29 USD from aaa3 (High)', '0.29', 'aaa3', '1642700269'),
(185, '100001', 'profit_sharing', 'Get 0.29 USD from aaa3 (High)', '0.29', 'aaa3', '1642700269'),
(186, '100001', 'profit_sharing', 'Get 0.15 USD from aaa3 (High)', '0.15', 'aaa3', '1642700269'),
(187, '100091', 'profit_sharing', 'Get 1.2 USD from rifkydans (High)', '1.2', 'rifkydans', '1642700269'),
(188, '100001', 'profit_sharing', 'Get 0.72 USD from rifkydans (High)', '0.72', 'rifkydans', '1642700269'),
(189, '100001', 'profit_sharing', 'Get 0.48 USD from rifkydans (High)', '0.48', 'rifkydans', '1642700269'),
(190, '100001', 'profit_sharing', 'Get 0.48 USD from rifkydans (High)', '0.48', 'rifkydans', '1642700269'),
(191, '100001', 'profit_sharing', 'Get 0.24 USD from rifkydans (High)', '0.24', 'rifkydans', '1642700269'),
(192, '100091', 'profit_sharing', 'Get 1.8 USD from thedrumerss@gmail.com (High)', '1.8', 'thedrumerss@gmail.com', '1642700269'),
(193, '100001', 'profit_sharing', 'Get 1.08 USD from thedrumerss@gmail.com (High)', '1.08', 'thedrumerss@gmail.com', '1642700269'),
(194, '100001', 'profit_sharing', 'Get 0.72 USD from thedrumerss@gmail.com (High)', '0.72', 'thedrumerss@gmail.com', '1642700269'),
(195, '100001', 'profit_sharing', 'Get 0.72 USD from thedrumerss@gmail.com (High)', '0.72', 'thedrumerss@gmail.com', '1642700269'),
(196, '100001', 'profit_sharing', 'Get 0.36 USD from thedrumerss@gmail.com (High)', '0.36', 'thedrumerss@gmail.com', '1642700269'),
(197, '100001', 'profit_sharing', 'Get 0.73 USD from aaa (High)', '0.73', 'aaa', '1642700269'),
(198, '100001', 'profit_sharing', 'Get 0.44 USD from aaa (High)', '0.44', 'aaa', '1642700269'),
(199, '100001', 'profit_sharing', 'Get 0.29 USD from aaa (High)', '0.29', 'aaa', '1642700269'),
(200, '100001', 'profit_sharing', 'Get 0.29 USD from aaa (High)', '0.29', 'aaa', '1642700269'),
(201, '100001', 'profit_sharing', 'Get 0.15 USD from aaa (High)', '0.15', 'aaa', '1642700269'),
(202, '100083', 'profit_sharing', 'Get 0.73 USD from eee (High)', '0.73', 'eee', '1642700269'),
(203, '100082', 'profit_sharing', 'Get 0.44 USD from eee (High)', '0.44', 'eee', '1642700269'),
(204, '100080', 'profit_sharing', 'Get 0.29 USD from eee (High)', '0.29', 'eee', '1642700269'),
(205, '100079', 'profit_sharing', 'Get 0.29 USD from eee (High)', '0.29', 'eee', '1642700269'),
(206, '100001', 'profit_sharing', 'Get 0.15 USD from eee (High)', '0.15', 'eee', '1642700269'),
(207, '100094', 'profit_sharing', 'Get 0.06 USD from Hanafimalik (High)', '0.06', 'Hanafimalik', '1642700269'),
(208, '100091', 'profit_sharing', 'Get 0.04 USD from Hanafimalik (High)', '0.04', 'Hanafimalik', '1642700269'),
(209, '100001', 'profit_sharing', 'Get 0.02 USD from Hanafimalik (High)', '0.02', 'Hanafimalik', '1642700269'),
(210, '100001', 'profit_sharing', 'Get 0.02 USD from Hanafimalik (High)', '0.02', 'Hanafimalik', '1642700269'),
(211, '100001', 'profit_sharing', 'Get 0.01 USD from Hanafimalik (High)', '0.01', 'Hanafimalik', '1642700269'),
(212, '100095', 'profit_sharing', 'Get 2.1 USD from IDO (High)', '2.1', 'IDO', '1642700269'),
(213, '100091', 'profit_sharing', 'Get 1.26 USD from IDO (High)', '1.26', 'IDO', '1642700269'),
(214, '100001', 'profit_sharing', 'Get 0.84 USD from IDO (High)', '0.84', 'IDO', '1642700269'),
(215, '100001', 'profit_sharing', 'Get 0.84 USD from IDO (High)', '0.84', 'IDO', '1642700269'),
(216, '100001', 'profit_sharing', 'Get 0.42 USD from IDO (High)', '0.42', 'IDO', '1642700269'),
(217, '100081', 'profit_sharing', 'Get 0.73 USD from aaa2 (High)', '0.73', 'aaa2', '1642700269'),
(218, '100079', 'profit_sharing', 'Get 0.44 USD from aaa2 (High)', '0.44', 'aaa2', '1642700269'),
(219, '100001', 'profit_sharing', 'Get 0.29 USD from aaa2 (High)', '0.29', 'aaa2', '1642700269'),
(220, '100001', 'profit_sharing', 'Get 0.29 USD from aaa2 (High)', '0.29', 'aaa2', '1642700269'),
(221, '100001', 'profit_sharing', 'Get 0.15 USD from aaa2 (High)', '0.15', 'aaa2', '1642700269'),
(222, '100082', 'profit_sharing', 'Get 0.73 USD from ddd (High)', '0.73', 'ddd', '1642700269'),
(223, '100080', 'profit_sharing', 'Get 0.44 USD from ddd (High)', '0.44', 'ddd', '1642700269'),
(224, '100079', 'profit_sharing', 'Get 0.29 USD from ddd (High)', '0.29', 'ddd', '1642700269'),
(225, '100001', 'profit_sharing', 'Get 0.29 USD from ddd (High)', '0.29', 'ddd', '1642700269'),
(226, '100001', 'profit_sharing', 'Get 0.15 USD from ddd (High)', '0.15', 'ddd', '1642700269'),
(227, '100095', 'profit_sharing', 'Get 0.16 USD from nisasya (High)', '0.16', 'nisasya', '1642700269'),
(228, '100091', 'profit_sharing', 'Get 0.1 USD from nisasya (High)', '0.1', 'nisasya', '1642700269'),
(229, '100001', 'profit_sharing', 'Get 0.07 USD from nisasya (High)', '0.07', 'nisasya', '1642700269'),
(230, '100001', 'profit_sharing', 'Get 0.07 USD from nisasya (High)', '0.07', 'nisasya', '1642700269'),
(231, '100001', 'profit_sharing', 'Get 0.03 USD from nisasya (High)', '0.03', 'nisasya', '1642700269'),
(232, '100095', 'profit_sharing', 'Get 0.03 USD from rinatyo (High)', '0.03', 'rinatyo', '1642700269'),
(233, '100091', 'profit_sharing', 'Get 0.02 USD from rinatyo (High)', '0.02', 'rinatyo', '1642700269'),
(234, '100001', 'profit_sharing', 'Get 0.01 USD from rinatyo (High)', '0.01', 'rinatyo', '1642700269'),
(235, '100001', 'profit_sharing', 'Get 0.01 USD from rinatyo (High)', '0.01', 'rinatyo', '1642700269'),
(236, '100001', 'profit_sharing', 'Get 0.01 USD from rinatyo (High)', '0.01', 'rinatyo', '1642700269'),
(237, '100091', 'profit_sharing', 'Get 1.74 USD from HOKYTRADE22 (High)', '1.74', 'HOKYTRADE22', '1642700269'),
(238, '100001', 'profit_sharing', 'Get 1.04 USD from HOKYTRADE22 (High)', '1.04', 'HOKYTRADE22', '1642700269'),
(239, '100001', 'profit_sharing', 'Get 0.7 USD from HOKYTRADE22 (High)', '0.7', 'HOKYTRADE22', '1642700269'),
(240, '100001', 'profit_sharing', 'Get 0.7 USD from HOKYTRADE22 (High)', '0.7', 'HOKYTRADE22', '1642700269'),
(241, '100001', 'profit_sharing', 'Get 0.35 USD from HOKYTRADE22 (High)', '0.35', 'HOKYTRADE22', '1642700269'),
(242, '100091', 'profit_sharing', 'Get 1.2 USD from Mas E (High)', '1.2', 'Mas E', '1642700269'),
(243, '100001', 'profit_sharing', 'Get 0.72 USD from Mas E (High)', '0.72', 'Mas E', '1642700269'),
(244, '100001', 'profit_sharing', 'Get 0.48 USD from Mas E (High)', '0.48', 'Mas E', '1642700270'),
(245, '100001', 'profit_sharing', 'Get 0.48 USD from Mas E (High)', '0.48', 'Mas E', '1642700270'),
(246, '100001', 'profit_sharing', 'Get 0.24 USD from Mas E (High)', '0.24', 'Mas E', '1642700270'),
(247, '100085', 'profit_sharing', 'Get 0.73 USD from fff (High)', '0.73', 'fff', '1642700270'),
(248, '100083', 'profit_sharing', 'Get 0.44 USD from fff (High)', '0.44', 'fff', '1642700270'),
(249, '100082', 'profit_sharing', 'Get 0.29 USD from fff (High)', '0.29', 'fff', '1642700270'),
(250, '100080', 'profit_sharing', 'Get 0.29 USD from fff (High)', '0.29', 'fff', '1642700270'),
(251, '100079', 'profit_sharing', 'Get 0.15 USD from fff (High)', '0.15', 'fff', '1642700270'),
(252, '100088', 'profit_sharing', 'Get 0.73 USD from aaa5 (High)', '0.73', 'aaa5', '1642700270'),
(253, '100086', 'profit_sharing', 'Get 0.44 USD from aaa5 (High)', '0.44', 'aaa5', '1642700270'),
(254, '100084', 'profit_sharing', 'Get 0.29 USD from aaa5 (High)', '0.29', 'aaa5', '1642700270'),
(255, '100081', 'profit_sharing', 'Get 0.29 USD from aaa5 (High)', '0.29', 'aaa5', '1642700270'),
(256, '100079', 'profit_sharing', 'Get 0.15 USD from aaa5 (High)', '0.15', 'aaa5', '1642700270'),
(257, '100079', 'profit_sharing', 'Get 0.73 USD from aaa1 (High)', '0.73', 'aaa1', '1642700270'),
(258, '100001', 'profit_sharing', 'Get 0.44 USD from aaa1 (High)', '0.44', 'aaa1', '1642700270'),
(259, '100001', 'profit_sharing', 'Get 0.29 USD from aaa1 (High)', '0.29', 'aaa1', '1642700270'),
(260, '100001', 'profit_sharing', 'Get 0.29 USD from aaa1 (High)', '0.29', 'aaa1', '1642700270'),
(261, '100001', 'profit_sharing', 'Get 0.15 USD from aaa1 (High)', '0.15', 'aaa1', '1642700270'),
(262, '100095', 'profit_sharing', 'Get 0.03 USD from alfimau (High)', '0.03', 'alfimau', '1642700270'),
(263, '100091', 'profit_sharing', 'Get 0.02 USD from alfimau (High)', '0.02', 'alfimau', '1642700270'),
(264, '100001', 'profit_sharing', 'Get 0.01 USD from alfimau (High)', '0.01', 'alfimau', '1642700270'),
(265, '100001', 'profit_sharing', 'Get 0.01 USD from alfimau (High)', '0.01', 'alfimau', '1642700270'),
(266, '100001', 'profit_sharing', 'Get 0.01 USD from alfimau (High)', '0.01', 'alfimau', '1642700270'),
(267, '100096', 'profit_sharing', 'Get 3.81 USD from Tuan Muda (High)', '3.81', 'Tuan Muda', '1642700270'),
(268, '100095', 'profit_sharing', 'Get 2.28 USD from Tuan Muda (High)', '2.28', 'Tuan Muda', '1642700270'),
(269, '100091', 'profit_sharing', 'Get 1.52 USD from Tuan Muda (High)', '1.52', 'Tuan Muda', '1642700270'),
(270, '100001', 'profit_sharing', 'Get 1.52 USD from Tuan Muda (High)', '1.52', 'Tuan Muda', '1642700270'),
(271, '100001', 'profit_sharing', 'Get 0.76 USD from Tuan Muda (High)', '0.76', 'Tuan Muda', '1642700270'),
(272, '100079', 'profit_sharing', 'Get 0.73 USD from bbb (High)', '0.73', 'bbb', '1642700270'),
(273, '100001', 'profit_sharing', 'Get 0.44 USD from bbb (High)', '0.44', 'bbb', '1642700270'),
(274, '100001', 'profit_sharing', 'Get 0.29 USD from bbb (High)', '0.29', 'bbb', '1642700270'),
(275, '100001', 'profit_sharing', 'Get 0.29 USD from bbb (High)', '0.29', 'bbb', '1642700270'),
(276, '100001', 'profit_sharing', 'Get 0.15 USD from bbb (High)', '0.15', 'bbb', '1642700270'),
(277, '100095', 'profit_sharing', 'Get 0.22 USD from rickyirawan (High)', '0.22', 'rickyirawan', '1642700270'),
(278, '100091', 'profit_sharing', 'Get 0.13 USD from rickyirawan (High)', '0.13', 'rickyirawan', '1642700270'),
(279, '100001', 'profit_sharing', 'Get 0.09 USD from rickyirawan (High)', '0.09', 'rickyirawan', '1642700270'),
(280, '100001', 'profit_sharing', 'Get 0.09 USD from rickyirawan (High)', '0.09', 'rickyirawan', '1642700270'),
(281, '100001', 'profit_sharing', 'Get 0.04 USD from rickyirawan (High)', '0.04', 'rickyirawan', '1642700270'),
(282, '100092', 'profit_sharing', 'Get 0.06 USD from romet (High)', '0.06', 'romet', '1642700270'),
(283, '100091', 'profit_sharing', 'Get 0.04 USD from romet (High)', '0.04', 'romet', '1642700270'),
(284, '100001', 'profit_sharing', 'Get 0.02 USD from romet (High)', '0.02', 'romet', '1642700270'),
(285, '100001', 'profit_sharing', 'Get 0.02 USD from romet (High)', '0.02', 'romet', '1642700270'),
(286, '100001', 'profit_sharing', 'Get 0.01 USD from romet (High)', '0.01', 'romet', '1642700270'),
(287, '100092', 'profit_sharing', 'Get 0.47 USD from jessicachrss@gmail.com (Low)', '0.47', 'jessicachrss@gmail.com', '1642700329'),
(288, '100091', 'profit_sharing', 'Get 0.28 USD from jessicachrss@gmail.com (Low)', '0.28', 'jessicachrss@gmail.com', '1642700329'),
(289, '100001', 'profit_sharing', 'Get 0.19 USD from jessicachrss@gmail.com (Low)', '0.19', 'jessicachrss@gmail.com', '1642700329'),
(290, '100001', 'profit_sharing', 'Get 0.19 USD from jessicachrss@gmail.com (Low)', '0.19', 'jessicachrss@gmail.com', '1642700329'),
(291, '100001', 'profit_sharing', 'Get 0.09 USD from jessicachrss@gmail.com (Low)', '0.09', 'jessicachrss@gmail.com', '1642700329'),
(292, '100089', 'profit_sharing', 'Get 0.44 USD from aaa6 (Low)', '0.44', 'aaa6', '1642700329'),
(293, '100088', 'profit_sharing', 'Get 0.26 USD from aaa6 (Low)', '0.26', 'aaa6', '1642700329'),
(294, '100086', 'profit_sharing', 'Get 0.18 USD from aaa6 (Low)', '0.18', 'aaa6', '1642700329'),
(295, '100084', 'profit_sharing', 'Get 0.18 USD from aaa6 (Low)', '0.18', 'aaa6', '1642700329'),
(296, '100081', 'profit_sharing', 'Get 0.09 USD from aaa6 (Low)', '0.09', 'aaa6', '1642700329'),
(297, '100091', 'profit_sharing', 'Get 0.85 USD from rifkydans (Low)', '0.85', 'rifkydans', '1642700329'),
(298, '100001', 'profit_sharing', 'Get 0.51 USD from rifkydans (Low)', '0.51', 'rifkydans', '1642700329'),
(299, '100001', 'profit_sharing', 'Get 0.34 USD from rifkydans (Low)', '0.34', 'rifkydans', '1642700329'),
(300, '100001', 'profit_sharing', 'Get 0.34 USD from rifkydans (Low)', '0.34', 'rifkydans', '1642700329'),
(301, '100001', 'profit_sharing', 'Get 0.17 USD from rifkydans (Low)', '0.17', 'rifkydans', '1642700329'),
(302, '100082', 'profit_sharing', 'Get 0.44 USD from ddd (Low)', '0.44', 'ddd', '1642700329'),
(303, '100080', 'profit_sharing', 'Get 0.26 USD from ddd (Low)', '0.26', 'ddd', '1642700329'),
(304, '100079', 'profit_sharing', 'Get 0.18 USD from ddd (Low)', '0.18', 'ddd', '1642700329'),
(305, '100001', 'profit_sharing', 'Get 0.18 USD from ddd (Low)', '0.18', 'ddd', '1642700329'),
(306, '100001', 'profit_sharing', 'Get 0.09 USD from ddd (Low)', '0.09', 'ddd', '1642700329'),
(307, '100091', 'profit_sharing', 'Get 0.51 USD from thedrumerss@gmail.com (Low)', '0.51', 'thedrumerss@gmail.com', '1642700329'),
(308, '100001', 'profit_sharing', 'Get 0.31 USD from thedrumerss@gmail.com (Low)', '0.31', 'thedrumerss@gmail.com', '1642700329'),
(309, '100001', 'profit_sharing', 'Get 0.2 USD from thedrumerss@gmail.com (Low)', '0.2', 'thedrumerss@gmail.com', '1642700329'),
(310, '100001', 'profit_sharing', 'Get 0.2 USD from thedrumerss@gmail.com (Low)', '0.2', 'thedrumerss@gmail.com', '1642700329'),
(311, '100001', 'profit_sharing', 'Get 0.1 USD from thedrumerss@gmail.com (Low)', '0.1', 'thedrumerss@gmail.com', '1642700329'),
(312, '100084', 'profit_sharing', 'Get 0.44 USD from aaa3 (Low)', '0.44', 'aaa3', '1642700329'),
(313, '100081', 'profit_sharing', 'Get 0.26 USD from aaa3 (Low)', '0.26', 'aaa3', '1642700329'),
(314, '100079', 'profit_sharing', 'Get 0.18 USD from aaa3 (Low)', '0.18', 'aaa3', '1642700329'),
(315, '100001', 'profit_sharing', 'Get 0.18 USD from aaa3 (Low)', '0.18', 'aaa3', '1642700329'),
(316, '100001', 'profit_sharing', 'Get 0.09 USD from aaa3 (Low)', '0.09', 'aaa3', '1642700329'),
(317, '100001', 'profit_sharing', 'Get 0.44 USD from aaa (Low)', '0.44', 'aaa', '1642700329'),
(318, '100001', 'profit_sharing', 'Get 0.26 USD from aaa (Low)', '0.26', 'aaa', '1642700329'),
(319, '100001', 'profit_sharing', 'Get 0.18 USD from aaa (Low)', '0.18', 'aaa', '1642700329'),
(320, '100001', 'profit_sharing', 'Get 0.18 USD from aaa (Low)', '0.18', 'aaa', '1642700329'),
(321, '100001', 'profit_sharing', 'Get 0.09 USD from aaa (Low)', '0.09', 'aaa', '1642700329'),
(322, '100083', 'profit_sharing', 'Get 0.44 USD from eee (Low)', '0.44', 'eee', '1642700329'),
(323, '100082', 'profit_sharing', 'Get 0.26 USD from eee (Low)', '0.26', 'eee', '1642700329'),
(324, '100080', 'profit_sharing', 'Get 0.18 USD from eee (Low)', '0.18', 'eee', '1642700329'),
(325, '100079', 'profit_sharing', 'Get 0.18 USD from eee (Low)', '0.18', 'eee', '1642700329'),
(326, '100001', 'profit_sharing', 'Get 0.09 USD from eee (Low)', '0.09', 'eee', '1642700329'),
(327, '100085', 'profit_sharing', 'Get 0.44 USD from fff (Low)', '0.44', 'fff', '1642700329'),
(328, '100083', 'profit_sharing', 'Get 0.26 USD from fff (Low)', '0.26', 'fff', '1642700329'),
(329, '100082', 'profit_sharing', 'Get 0.18 USD from fff (Low)', '0.18', 'fff', '1642700329'),
(330, '100080', 'profit_sharing', 'Get 0.18 USD from fff (Low)', '0.18', 'fff', '1642700329'),
(331, '100079', 'profit_sharing', 'Get 0.09 USD from fff (Low)', '0.09', 'fff', '1642700329'),
(332, '100091', 'profit_sharing', 'Get 0.85 USD from Mas E (Low)', '0.85', 'Mas E', '1642700329'),
(333, '100001', 'profit_sharing', 'Get 0.51 USD from Mas E (Low)', '0.51', 'Mas E', '1642700329'),
(334, '100001', 'profit_sharing', 'Get 0.34 USD from Mas E (Low)', '0.34', 'Mas E', '1642700329'),
(335, '100001', 'profit_sharing', 'Get 0.34 USD from Mas E (Low)', '0.34', 'Mas E', '1642700329'),
(336, '100001', 'profit_sharing', 'Get 0.17 USD from Mas E (Low)', '0.17', 'Mas E', '1642700329'),
(337, '100079', 'profit_sharing', 'Get 0.44 USD from aaa1 (Low)', '0.44', 'aaa1', '1642700329'),
(338, '100001', 'profit_sharing', 'Get 0.26 USD from aaa1 (Low)', '0.26', 'aaa1', '1642700329'),
(339, '100001', 'profit_sharing', 'Get 0.18 USD from aaa1 (Low)', '0.18', 'aaa1', '1642700329'),
(340, '100001', 'profit_sharing', 'Get 0.18 USD from aaa1 (Low)', '0.18', 'aaa1', '1642700329'),
(341, '100001', 'profit_sharing', 'Get 0.09 USD from aaa1 (Low)', '0.09', 'aaa1', '1642700329'),
(342, '100091', 'profit_sharing', 'Get 1.23 USD from HOKYTRADE22 (Low)', '1.23', 'HOKYTRADE22', '1642700329'),
(343, '100001', 'profit_sharing', 'Get 0.74 USD from HOKYTRADE22 (Low)', '0.74', 'HOKYTRADE22', '1642700329'),
(344, '100001', 'profit_sharing', 'Get 0.49 USD from HOKYTRADE22 (Low)', '0.49', 'HOKYTRADE22', '1642700329'),
(345, '100001', 'profit_sharing', 'Get 0.49 USD from HOKYTRADE22 (Low)', '0.49', 'HOKYTRADE22', '1642700329'),
(346, '100001', 'profit_sharing', 'Get 0.25 USD from HOKYTRADE22 (Low)', '0.25', 'HOKYTRADE22', '1642700329'),
(347, '100086', 'profit_sharing', 'Get 0.44 USD from aaa4 (Low)', '0.44', 'aaa4', '1642700329'),
(348, '100084', 'profit_sharing', 'Get 0.26 USD from aaa4 (Low)', '0.26', 'aaa4', '1642700329'),
(349, '100081', 'profit_sharing', 'Get 0.18 USD from aaa4 (Low)', '0.18', 'aaa4', '1642700329'),
(350, '100079', 'profit_sharing', 'Get 0.18 USD from aaa4 (Low)', '0.18', 'aaa4', '1642700329'),
(351, '100001', 'profit_sharing', 'Get 0.09 USD from aaa4 (Low)', '0.09', 'aaa4', '1642700329'),
(352, '100091', 'profit_sharing', 'Get 0.21 USD from kenny.ava (Low)', '0.21', 'kenny.ava', '1642700329'),
(353, '100001', 'profit_sharing', 'Get 0.13 USD from kenny.ava (Low)', '0.13', 'kenny.ava', '1642700329'),
(354, '100001', 'profit_sharing', 'Get 0.09 USD from kenny.ava (Low)', '0.09', 'kenny.ava', '1642700329'),
(355, '100001', 'profit_sharing', 'Get 0.09 USD from kenny.ava (Low)', '0.09', 'kenny.ava', '1642700329'),
(356, '100001', 'profit_sharing', 'Get 0.04 USD from kenny.ava (Low)', '0.04', 'kenny.ava', '1642700329'),
(357, '100079', 'profit_sharing', 'Get 0.44 USD from bbb (Low)', '0.44', 'bbb', '1642700329'),
(358, '100001', 'profit_sharing', 'Get 0.26 USD from bbb (Low)', '0.26', 'bbb', '1642700329'),
(359, '100001', 'profit_sharing', 'Get 0.18 USD from bbb (Low)', '0.18', 'bbb', '1642700329'),
(360, '100001', 'profit_sharing', 'Get 0.18 USD from bbb (Low)', '0.18', 'bbb', '1642700329'),
(361, '100001', 'profit_sharing', 'Get 0.09 USD from bbb (Low)', '0.09', 'bbb', '1642700329'),
(362, '100088', 'profit_sharing', 'Get 0.44 USD from aaa5 (Low)', '0.44', 'aaa5', '1642700329'),
(363, '100086', 'profit_sharing', 'Get 0.26 USD from aaa5 (Low)', '0.26', 'aaa5', '1642700329'),
(364, '100084', 'profit_sharing', 'Get 0.18 USD from aaa5 (Low)', '0.18', 'aaa5', '1642700329'),
(365, '100081', 'profit_sharing', 'Get 0.18 USD from aaa5 (Low)', '0.18', 'aaa5', '1642700329'),
(366, '100079', 'profit_sharing', 'Get 0.09 USD from aaa5 (Low)', '0.09', 'aaa5', '1642700329'),
(367, '100080', 'profit_sharing', 'Get 0.44 USD from ccc (Low)', '0.44', 'ccc', '1642700329'),
(368, '100079', 'profit_sharing', 'Get 0.26 USD from ccc (Low)', '0.26', 'ccc', '1642700329'),
(369, '100001', 'profit_sharing', 'Get 0.18 USD from ccc (Low)', '0.18', 'ccc', '1642700329'),
(370, '100001', 'profit_sharing', 'Get 0.18 USD from ccc (Low)', '0.18', 'ccc', '1642700329'),
(371, '100001', 'profit_sharing', 'Get 0.09 USD from ccc (Low)', '0.09', 'ccc', '1642700329'),
(372, '100095', 'profit_sharing', 'Get 0.21 USD from IDO (Low)', '0.21', 'IDO', '1642700329'),
(373, '100091', 'profit_sharing', 'Get 0.13 USD from IDO (Low)', '0.13', 'IDO', '1642700329'),
(374, '100001', 'profit_sharing', 'Get 0.09 USD from IDO (Low)', '0.09', 'IDO', '1642700329'),
(375, '100001', 'profit_sharing', 'Get 0.09 USD from IDO (Low)', '0.09', 'IDO', '1642700329'),
(376, '100001', 'profit_sharing', 'Get 0.04 USD from IDO (Low)', '0.04', 'IDO', '1642700329'),
(377, '100081', 'profit_sharing', 'Get 0.44 USD from aaa2 (Low)', '0.44', 'aaa2', '1642700329'),
(378, '100079', 'profit_sharing', 'Get 0.26 USD from aaa2 (Low)', '0.26', 'aaa2', '1642700329'),
(379, '100001', 'profit_sharing', 'Get 0.18 USD from aaa2 (Low)', '0.18', 'aaa2', '1642700329'),
(380, '100001', 'profit_sharing', 'Get 0.18 USD from aaa2 (Low)', '0.18', 'aaa2', '1642700329'),
(381, '100001', 'profit_sharing', 'Get 0.09 USD from aaa2 (Low)', '0.09', 'aaa2', '1642700329'),
(382, '100091', 'add', 'Adding balance from trading account', '1000', 'High Account', '1642736161'),
(383, '100092', 'deduct', 'Taking balance from trading account', '1207', 'High Account', '1642739285'),
(384, '100092', 'deduct', 'Taking balance from trading account', '1000', 'Low Account', '1642739398'),
(385, '100092', 'deduct', 'Taking balance from trading account', '1000', 'High Account', '1642739410'),
(386, '100092', 'deduct', 'Taking balance from trading account', '800', 'High Account', '1642739472'),
(387, '100092', 'deduct', 'Taking balance from trading account', '20', 'Low Account', '1642739495'),
(388, '100092', 'deduct', 'Taking balance from trading account', '180', 'Low Account', '1642739503'),
(389, '100092', 'add', 'Adding balance from trading account', '2500', 'High Account', '1642739551'),
(390, '100092', 'add', 'Adding balance from trading account', '2500', 'Low Account', '1642739556'),
(391, '100093', 'deduct', 'Taking balance from trading account', '500', 'Low Account', '1642751597'),
(392, '100101', 'add', 'Adding balance from trading account', '5500', 'High Account', '1642764218'),
(393, '100118', 'add', 'Adding balance from trading account', '250', 'High Account', '1642767993'),
(394, '100118', 'add', 'Adding balance from trading account', '260', 'Low Account', '1642768009'),
(395, '100105', 'add', 'Adding balance from trading account', '2500', 'Low Account', '1642787338'),
(396, '100105', 'add', 'Adding balance from trading account', '2500', 'High Account', '1642787413'),
(397, '100107', 'deduct', 'Taking balance from trading account', '10', 'High Account', '1642871822'),
(398, '100107', 'add', 'Adding balance from trading account', '10', 'High Account', '1642872769'),
(399, '100105', 'deduct', 'Taking balance from trading account', '2500', 'Low Account', '1642879177'),
(400, '100105', 'deduct', 'Taking balance from trading account', '2500', 'High Account', '1642879207'),
(401, '100105', 'add', 'Adding balance from trading account', '2500', 'Low Account', '1642879238'),
(402, '100105', 'add', 'Adding balance from trading account', '2500', 'High Account', '1642879256'),
(403, '100105', 'deduct', 'Taking balance from trading account', '2500', 'Low Account', '1642879561'),
(404, '100105', 'deduct', 'Taking balance from trading account', '2500', 'High Account', '1642879573'),
(405, '100105', 'add', 'Adding balance from trading account', '2500', 'Low Account', '1642879883'),
(406, '100105', 'add', 'Adding balance from trading account', '2500', 'High Account', '1642879918'),
(407, '100091', 'add', 'Adding balance from trading account', '13000', 'High Account', '1643218017'),
(408, '100091', 'add', 'Adding balance from trading account', '952', 'High Account', '1643218042'),
(409, '100091', 'profit_sharing', 'Get 5.66 USD from Perikecil26 (High)', '5.66', 'Perikecil26', '1643287328'),
(410, '100001', 'profit_sharing', 'Get 3.39 USD from Perikecil26 (High)', '3.39', 'Perikecil26', '1643287328'),
(411, '100001', 'profit_sharing', 'Get 2.26 USD from Perikecil26 (High)', '2.26', 'Perikecil26', '1643287328'),
(412, '100001', 'profit_sharing', 'Get 2.26 USD from Perikecil26 (High)', '2.26', 'Perikecil26', '1643287328'),
(413, '100001', 'profit_sharing', 'Get 1.13 USD from Perikecil26 (High)', '1.13', 'Perikecil26', '1643287328'),
(414, '100092', 'profit_sharing', 'Get 0.33 USD from obengsatu@gmail.com (High)', '0.33', 'obengsatu@gmail.com', '1643287328'),
(415, '100091', 'profit_sharing', 'Get 0.2 USD from obengsatu@gmail.com (High)', '0.2', 'obengsatu@gmail.com', '1643287328'),
(416, '100001', 'profit_sharing', 'Get 0.13 USD from obengsatu@gmail.com (High)', '0.13', 'obengsatu@gmail.com', '1643287328'),
(417, '100001', 'profit_sharing', 'Get 0.13 USD from obengsatu@gmail.com (High)', '0.13', 'obengsatu@gmail.com', '1643287328'),
(418, '100001', 'profit_sharing', 'Get 0.07 USD from obengsatu@gmail.com (High)', '0.07', 'obengsatu@gmail.com', '1643287328'),
(419, '100092', 'profit_sharing', 'Get 0.42 USD from darrell.decoration@gmail.com (High)', '0.42', 'darrell.decoration@gmail.com', '1643287328'),
(420, '100091', 'profit_sharing', 'Get 0.25 USD from darrell.decoration@gmail.com (High)', '0.25', 'darrell.decoration@gmail.com', '1643287328'),
(421, '100001', 'profit_sharing', 'Get 0.17 USD from darrell.decoration@gmail.com (High)', '0.17', 'darrell.decoration@gmail.com', '1643287328'),
(422, '100001', 'profit_sharing', 'Get 0.17 USD from darrell.decoration@gmail.com (High)', '0.17', 'darrell.decoration@gmail.com', '1643287328'),
(423, '100001', 'profit_sharing', 'Get 0.08 USD from darrell.decoration@gmail.com (High)', '0.08', 'darrell.decoration@gmail.com', '1643287328'),
(424, '100086', 'profit_sharing', 'Get 1.27 USD from aaa4 (High)', '1.27', 'aaa4', '1643287328'),
(425, '100084', 'profit_sharing', 'Get 0.76 USD from aaa4 (High)', '0.76', 'aaa4', '1643287328'),
(426, '100081', 'profit_sharing', 'Get 0.51 USD from aaa4 (High)', '0.51', 'aaa4', '1643287328'),
(427, '100079', 'profit_sharing', 'Get 0.51 USD from aaa4 (High)', '0.51', 'aaa4', '1643287328'),
(428, '100001', 'profit_sharing', 'Get 0.25 USD from aaa4 (High)', '0.25', 'aaa4', '1643287328'),
(429, '100089', 'profit_sharing', 'Get 1.27 USD from aaa6 (High)', '1.27', 'aaa6', '1643287328'),
(430, '100088', 'profit_sharing', 'Get 0.76 USD from aaa6 (High)', '0.76', 'aaa6', '1643287328'),
(431, '100086', 'profit_sharing', 'Get 0.51 USD from aaa6 (High)', '0.51', 'aaa6', '1643287328'),
(432, '100084', 'profit_sharing', 'Get 0.51 USD from aaa6 (High)', '0.51', 'aaa6', '1643287328'),
(433, '100081', 'profit_sharing', 'Get 0.25 USD from aaa6 (High)', '0.25', 'aaa6', '1643287328'),
(434, '100080', 'profit_sharing', 'Get 1.27 USD from ccc (High)', '1.27', 'ccc', '1643287328'),
(435, '100079', 'profit_sharing', 'Get 0.76 USD from ccc (High)', '0.76', 'ccc', '1643287329'),
(436, '100001', 'profit_sharing', 'Get 0.51 USD from ccc (High)', '0.51', 'ccc', '1643287329'),
(437, '100001', 'profit_sharing', 'Get 0.51 USD from ccc (High)', '0.51', 'ccc', '1643287329'),
(438, '100001', 'profit_sharing', 'Get 0.25 USD from ccc (High)', '0.25', 'ccc', '1643287329'),
(439, '100091', 'profit_sharing', 'Get 4.67 USD from kenny.ava (High)', '4.67', 'kenny.ava', '1643287329'),
(440, '100001', 'profit_sharing', 'Get 2.8 USD from kenny.ava (High)', '2.8', 'kenny.ava', '1643287329'),
(441, '100001', 'profit_sharing', 'Get 1.87 USD from kenny.ava (High)', '1.87', 'kenny.ava', '1643287329'),
(442, '100001', 'profit_sharing', 'Get 1.87 USD from kenny.ava (High)', '1.87', 'kenny.ava', '1643287329'),
(443, '100001', 'profit_sharing', 'Get 0.93 USD from kenny.ava (High)', '0.93', 'kenny.ava', '1643287329'),
(444, '100084', 'profit_sharing', 'Get 1.27 USD from aaa3 (High)', '1.27', 'aaa3', '1643287329'),
(445, '100081', 'profit_sharing', 'Get 0.76 USD from aaa3 (High)', '0.76', 'aaa3', '1643287329'),
(446, '100079', 'profit_sharing', 'Get 0.51 USD from aaa3 (High)', '0.51', 'aaa3', '1643287329'),
(447, '100001', 'profit_sharing', 'Get 0.51 USD from aaa3 (High)', '0.51', 'aaa3', '1643287329'),
(448, '100001', 'profit_sharing', 'Get 0.25 USD from aaa3 (High)', '0.25', 'aaa3', '1643287329'),
(449, '100091', 'profit_sharing', 'Get 2.08 USD from rifkydans (High)', '2.08', 'rifkydans', '1643287329'),
(450, '100001', 'profit_sharing', 'Get 1.25 USD from rifkydans (High)', '1.25', 'rifkydans', '1643287329'),
(451, '100001', 'profit_sharing', 'Get 0.83 USD from rifkydans (High)', '0.83', 'rifkydans', '1643287329'),
(452, '100001', 'profit_sharing', 'Get 0.83 USD from rifkydans (High)', '0.83', 'rifkydans', '1643287329'),
(453, '100001', 'profit_sharing', 'Get 0.42 USD from rifkydans (High)', '0.42', 'rifkydans', '1643287329'),
(454, '100091', 'profit_sharing', 'Get 2.6 USD from thedrumerss@gmail.com (High)', '2.6', 'thedrumerss@gmail.com', '1643287329'),
(455, '100001', 'profit_sharing', 'Get 1.56 USD from thedrumerss@gmail.com (High)', '1.56', 'thedrumerss@gmail.com', '1643287329'),
(456, '100001', 'profit_sharing', 'Get 1.04 USD from thedrumerss@gmail.com (High)', '1.04', 'thedrumerss@gmail.com', '1643287329'),
(457, '100001', 'profit_sharing', 'Get 1.04 USD from thedrumerss@gmail.com (High)', '1.04', 'thedrumerss@gmail.com', '1643287329'),
(458, '100001', 'profit_sharing', 'Get 0.52 USD from thedrumerss@gmail.com (High)', '0.52', 'thedrumerss@gmail.com', '1643287329'),
(459, '100104', 'profit_sharing', 'Get 0.26 USD from N13 (High)', '0.26', 'N13', '1643287329'),
(460, '100091', 'profit_sharing', 'Get 0.15 USD from N13 (High)', '0.15', 'N13', '1643287329'),
(461, '100001', 'profit_sharing', 'Get 0.1 USD from N13 (High)', '0.1', 'N13', '1643287329'),
(462, '100001', 'profit_sharing', 'Get 0.1 USD from N13 (High)', '0.1', 'N13', '1643287329'),
(463, '100001', 'profit_sharing', 'Get 0.05 USD from N13 (High)', '0.05', 'N13', '1643287329'),
(464, '100001', 'profit_sharing', 'Get 1.27 USD from aaa (High)', '1.27', 'aaa', '1643287329'),
(465, '100001', 'profit_sharing', 'Get 0.76 USD from aaa (High)', '0.76', 'aaa', '1643287329'),
(466, '100001', 'profit_sharing', 'Get 0.51 USD from aaa (High)', '0.51', 'aaa', '1643287329'),
(467, '100001', 'profit_sharing', 'Get 0.51 USD from aaa (High)', '0.51', 'aaa', '1643287329'),
(468, '100001', 'profit_sharing', 'Get 0.25 USD from aaa (High)', '0.25', 'aaa', '1643287329'),
(469, '100083', 'profit_sharing', 'Get 1.27 USD from eee (High)', '1.27', 'eee', '1643287329'),
(470, '100082', 'profit_sharing', 'Get 0.76 USD from eee (High)', '0.76', 'eee', '1643287329'),
(471, '100080', 'profit_sharing', 'Get 0.51 USD from eee (High)', '0.51', 'eee', '1643287329'),
(472, '100079', 'profit_sharing', 'Get 0.51 USD from eee (High)', '0.51', 'eee', '1643287329'),
(473, '100001', 'profit_sharing', 'Get 0.25 USD from eee (High)', '0.25', 'eee', '1643287329'),
(474, '100094', 'profit_sharing', 'Get 0.11 USD from Hanafimalik (High)', '0.11', 'Hanafimalik', '1643287329'),
(475, '100091', 'profit_sharing', 'Get 0.06 USD from Hanafimalik (High)', '0.06', 'Hanafimalik', '1643287329'),
(476, '100001', 'profit_sharing', 'Get 0.04 USD from Hanafimalik (High)', '0.04', 'Hanafimalik', '1643287329'),
(477, '100001', 'profit_sharing', 'Get 0.04 USD from Hanafimalik (High)', '0.04', 'Hanafimalik', '1643287329'),
(478, '100001', 'profit_sharing', 'Get 0.02 USD from Hanafimalik (High)', '0.02', 'Hanafimalik', '1643287329'),
(479, '100095', 'profit_sharing', 'Get 3.64 USD from IDO (High)', '3.64', 'IDO', '1643287329'),
(480, '100091', 'profit_sharing', 'Get 2.18 USD from IDO (High)', '2.18', 'IDO', '1643287329'),
(481, '100001', 'profit_sharing', 'Get 1.45 USD from IDO (High)', '1.45', 'IDO', '1643287329'),
(482, '100001', 'profit_sharing', 'Get 1.45 USD from IDO (High)', '1.45', 'IDO', '1643287329'),
(483, '100001', 'profit_sharing', 'Get 0.73 USD from IDO (High)', '0.73', 'IDO', '1643287329'),
(484, '100081', 'profit_sharing', 'Get 1.27 USD from aaa2 (High)', '1.27', 'aaa2', '1643287329'),
(485, '100079', 'profit_sharing', 'Get 0.76 USD from aaa2 (High)', '0.76', 'aaa2', '1643287329'),
(486, '100001', 'profit_sharing', 'Get 0.51 USD from aaa2 (High)', '0.51', 'aaa2', '1643287329'),
(487, '100001', 'profit_sharing', 'Get 0.51 USD from aaa2 (High)', '0.51', 'aaa2', '1643287329'),
(488, '100001', 'profit_sharing', 'Get 0.25 USD from aaa2 (High)', '0.25', 'aaa2', '1643287329'),
(489, '100082', 'profit_sharing', 'Get 1.27 USD from ddd (High)', '1.27', 'ddd', '1643287329'),
(490, '100080', 'profit_sharing', 'Get 0.76 USD from ddd (High)', '0.76', 'ddd', '1643287329'),
(491, '100079', 'profit_sharing', 'Get 0.51 USD from ddd (High)', '0.51', 'ddd', '1643287329'),
(492, '100001', 'profit_sharing', 'Get 0.51 USD from ddd (High)', '0.51', 'ddd', '1643287329'),
(493, '100001', 'profit_sharing', 'Get 0.25 USD from ddd (High)', '0.25', 'ddd', '1643287329'),
(494, '100095', 'profit_sharing', 'Get 0.28 USD from nisasya (High)', '0.28', 'nisasya', '1643287329'),
(495, '100091', 'profit_sharing', 'Get 0.17 USD from nisasya (High)', '0.17', 'nisasya', '1643287329'),
(496, '100001', 'profit_sharing', 'Get 0.11 USD from nisasya (High)', '0.11', 'nisasya', '1643287329'),
(497, '100001', 'profit_sharing', 'Get 0.11 USD from nisasya (High)', '0.11', 'nisasya', '1643287329'),
(498, '100001', 'profit_sharing', 'Get 0.06 USD from nisasya (High)', '0.06', 'nisasya', '1643287329'),
(499, '100095', 'profit_sharing', 'Get 0.05 USD from rinatyo (High)', '0.05', 'rinatyo', '1643287329');
INSERT INTO `history` (`id`, `uid`, `type`, `description`, `amount`, `from`, `date`) VALUES
(500, '100091', 'profit_sharing', 'Get 0.03 USD from rinatyo (High)', '0.03', 'rinatyo', '1643287329'),
(501, '100001', 'profit_sharing', 'Get 0.02 USD from rinatyo (High)', '0.02', 'rinatyo', '1643287329'),
(502, '100001', 'profit_sharing', 'Get 0.02 USD from rinatyo (High)', '0.02', 'rinatyo', '1643287329'),
(503, '100001', 'profit_sharing', 'Get 0.01 USD from rinatyo (High)', '0.01', 'rinatyo', '1643287329'),
(504, '100091', 'profit_sharing', 'Get 3.01 USD from HOKYTRADE22 (High)', '3.01', 'HOKYTRADE22', '1643287329'),
(505, '100001', 'profit_sharing', 'Get 1.81 USD from HOKYTRADE22 (High)', '1.81', 'HOKYTRADE22', '1643287329'),
(506, '100001', 'profit_sharing', 'Get 1.2 USD from HOKYTRADE22 (High)', '1.2', 'HOKYTRADE22', '1643287329'),
(507, '100001', 'profit_sharing', 'Get 1.2 USD from HOKYTRADE22 (High)', '1.2', 'HOKYTRADE22', '1643287329'),
(508, '100001', 'profit_sharing', 'Get 0.6 USD from HOKYTRADE22 (High)', '0.6', 'HOKYTRADE22', '1643287329'),
(509, '100091', 'profit_sharing', 'Get 2.08 USD from Mas E (High)', '2.08', 'Mas E', '1643287329'),
(510, '100001', 'profit_sharing', 'Get 1.25 USD from Mas E (High)', '1.25', 'Mas E', '1643287329'),
(511, '100001', 'profit_sharing', 'Get 0.83 USD from Mas E (High)', '0.83', 'Mas E', '1643287329'),
(512, '100001', 'profit_sharing', 'Get 0.83 USD from Mas E (High)', '0.83', 'Mas E', '1643287329'),
(513, '100001', 'profit_sharing', 'Get 0.42 USD from Mas E (High)', '0.42', 'Mas E', '1643287329'),
(514, '100091', 'profit_sharing', 'Get 2.57 USD from Bang J (High)', '2.57', 'Bang J', '1643287329'),
(515, '100001', 'profit_sharing', 'Get 1.54 USD from Bang J (High)', '1.54', 'Bang J', '1643287329'),
(516, '100001', 'profit_sharing', 'Get 1.03 USD from Bang J (High)', '1.03', 'Bang J', '1643287329'),
(517, '100001', 'profit_sharing', 'Get 1.03 USD from Bang J (High)', '1.03', 'Bang J', '1643287329'),
(518, '100001', 'profit_sharing', 'Get 0.51 USD from Bang J (High)', '0.51', 'Bang J', '1643287329'),
(519, '100085', 'profit_sharing', 'Get 1.27 USD from fff (High)', '1.27', 'fff', '1643287329'),
(520, '100083', 'profit_sharing', 'Get 0.76 USD from fff (High)', '0.76', 'fff', '1643287329'),
(521, '100082', 'profit_sharing', 'Get 0.51 USD from fff (High)', '0.51', 'fff', '1643287329'),
(522, '100080', 'profit_sharing', 'Get 0.51 USD from fff (High)', '0.51', 'fff', '1643287329'),
(523, '100079', 'profit_sharing', 'Get 0.25 USD from fff (High)', '0.25', 'fff', '1643287329'),
(524, '100088', 'profit_sharing', 'Get 1.27 USD from aaa5 (High)', '1.27', 'aaa5', '1643287329'),
(525, '100086', 'profit_sharing', 'Get 0.76 USD from aaa5 (High)', '0.76', 'aaa5', '1643287329'),
(526, '100084', 'profit_sharing', 'Get 0.51 USD from aaa5 (High)', '0.51', 'aaa5', '1643287329'),
(527, '100081', 'profit_sharing', 'Get 0.51 USD from aaa5 (High)', '0.51', 'aaa5', '1643287329'),
(528, '100079', 'profit_sharing', 'Get 0.25 USD from aaa5 (High)', '0.25', 'aaa5', '1643287329'),
(529, '100079', 'profit_sharing', 'Get 1.27 USD from aaa1 (High)', '1.27', 'aaa1', '1643287329'),
(530, '100001', 'profit_sharing', 'Get 0.76 USD from aaa1 (High)', '0.76', 'aaa1', '1643287329'),
(531, '100001', 'profit_sharing', 'Get 0.51 USD from aaa1 (High)', '0.51', 'aaa1', '1643287329'),
(532, '100001', 'profit_sharing', 'Get 0.51 USD from aaa1 (High)', '0.51', 'aaa1', '1643287329'),
(533, '100001', 'profit_sharing', 'Get 0.25 USD from aaa1 (High)', '0.25', 'aaa1', '1643287329'),
(534, '100095', 'profit_sharing', 'Get 0.05 USD from alfimau (High)', '0.05', 'alfimau', '1643287329'),
(535, '100091', 'profit_sharing', 'Get 0.03 USD from alfimau (High)', '0.03', 'alfimau', '1643287329'),
(536, '100001', 'profit_sharing', 'Get 0.02 USD from alfimau (High)', '0.02', 'alfimau', '1643287329'),
(537, '100001', 'profit_sharing', 'Get 0.02 USD from alfimau (High)', '0.02', 'alfimau', '1643287329'),
(538, '100001', 'profit_sharing', 'Get 0.01 USD from alfimau (High)', '0.01', 'alfimau', '1643287329'),
(539, '100096', 'profit_sharing', 'Get 6.59 USD from Tuan Muda (High)', '6.59', 'Tuan Muda', '1643287329'),
(540, '100095', 'profit_sharing', 'Get 3.95 USD from Tuan Muda (High)', '3.95', 'Tuan Muda', '1643287329'),
(541, '100091', 'profit_sharing', 'Get 2.64 USD from Tuan Muda (High)', '2.64', 'Tuan Muda', '1643287329'),
(542, '100001', 'profit_sharing', 'Get 2.64 USD from Tuan Muda (High)', '2.64', 'Tuan Muda', '1643287329'),
(543, '100001', 'profit_sharing', 'Get 1.32 USD from Tuan Muda (High)', '1.32', 'Tuan Muda', '1643287329'),
(544, '100079', 'profit_sharing', 'Get 1.27 USD from bbb (High)', '1.27', 'bbb', '1643287329'),
(545, '100001', 'profit_sharing', 'Get 0.76 USD from bbb (High)', '0.76', 'bbb', '1643287329'),
(546, '100001', 'profit_sharing', 'Get 0.51 USD from bbb (High)', '0.51', 'bbb', '1643287329'),
(547, '100001', 'profit_sharing', 'Get 0.51 USD from bbb (High)', '0.51', 'bbb', '1643287329'),
(548, '100001', 'profit_sharing', 'Get 0.25 USD from bbb (High)', '0.25', 'bbb', '1643287329'),
(549, '100001', 'profit_sharing', 'Get 1.7 USD from Kenzo (High)', '1.7', 'Kenzo', '1643287329'),
(550, '100001', 'profit_sharing', 'Get 1.02 USD from Kenzo (High)', '1.02', 'Kenzo', '1643287329'),
(551, '100001', 'profit_sharing', 'Get 0.68 USD from Kenzo (High)', '0.68', 'Kenzo', '1643287329'),
(552, '100001', 'profit_sharing', 'Get 0.68 USD from Kenzo (High)', '0.68', 'Kenzo', '1643287329'),
(553, '100001', 'profit_sharing', 'Get 0.34 USD from Kenzo (High)', '0.34', 'Kenzo', '1643287329'),
(554, '100095', 'profit_sharing', 'Get 0.39 USD from rickyirawan (High)', '0.39', 'rickyirawan', '1643287329'),
(555, '100091', 'profit_sharing', 'Get 0.23 USD from rickyirawan (High)', '0.23', 'rickyirawan', '1643287329'),
(556, '100001', 'profit_sharing', 'Get 0.16 USD from rickyirawan (High)', '0.16', 'rickyirawan', '1643287329'),
(557, '100001', 'profit_sharing', 'Get 0.16 USD from rickyirawan (High)', '0.16', 'rickyirawan', '1643287329'),
(558, '100001', 'profit_sharing', 'Get 0.08 USD from rickyirawan (High)', '0.08', 'rickyirawan', '1643287329'),
(559, '100092', 'profit_sharing', 'Get 0.1 USD from romet (High)', '0.1', 'romet', '1643287329'),
(560, '100091', 'profit_sharing', 'Get 0.06 USD from romet (High)', '0.06', 'romet', '1643287329'),
(561, '100001', 'profit_sharing', 'Get 0.04 USD from romet (High)', '0.04', 'romet', '1643287329'),
(562, '100001', 'profit_sharing', 'Get 0.04 USD from romet (High)', '0.04', 'romet', '1643287329'),
(563, '100001', 'profit_sharing', 'Get 0.02 USD from romet (High)', '0.02', 'romet', '1643287329'),
(564, '100092', 'profit_sharing', 'Get 1.09 USD from jessicachrss@gmail.com (Low)', '1.09', 'jessicachrss@gmail.com', '1643287330'),
(565, '100091', 'profit_sharing', 'Get 0.65 USD from jessicachrss@gmail.com (Low)', '0.65', 'jessicachrss@gmail.com', '1643287330'),
(566, '100001', 'profit_sharing', 'Get 0.44 USD from jessicachrss@gmail.com (Low)', '0.44', 'jessicachrss@gmail.com', '1643287330'),
(567, '100001', 'profit_sharing', 'Get 0.44 USD from jessicachrss@gmail.com (Low)', '0.44', 'jessicachrss@gmail.com', '1643287330'),
(568, '100001', 'profit_sharing', 'Get 0.22 USD from jessicachrss@gmail.com (Low)', '0.22', 'jessicachrss@gmail.com', '1643287330'),
(569, '100089', 'profit_sharing', 'Get 1.02 USD from aaa6 (Low)', '1.02', 'aaa6', '1643287330'),
(570, '100088', 'profit_sharing', 'Get 0.61 USD from aaa6 (Low)', '0.61', 'aaa6', '1643287330'),
(571, '100086', 'profit_sharing', 'Get 0.41 USD from aaa6 (Low)', '0.41', 'aaa6', '1643287330'),
(572, '100084', 'profit_sharing', 'Get 0.41 USD from aaa6 (Low)', '0.41', 'aaa6', '1643287330'),
(573, '100081', 'profit_sharing', 'Get 0.2 USD from aaa6 (Low)', '0.2', 'aaa6', '1643287330'),
(574, '100091', 'profit_sharing', 'Get 1.99 USD from rifkydans (Low)', '1.99', 'rifkydans', '1643287330'),
(575, '100001', 'profit_sharing', 'Get 1.19 USD from rifkydans (Low)', '1.19', 'rifkydans', '1643287330'),
(576, '100001', 'profit_sharing', 'Get 0.79 USD from rifkydans (Low)', '0.79', 'rifkydans', '1643287330'),
(577, '100001', 'profit_sharing', 'Get 0.79 USD from rifkydans (Low)', '0.79', 'rifkydans', '1643287330'),
(578, '100001', 'profit_sharing', 'Get 0.4 USD from rifkydans (Low)', '0.4', 'rifkydans', '1643287330'),
(579, '100082', 'profit_sharing', 'Get 1.02 USD from ddd (Low)', '1.02', 'ddd', '1643287330'),
(580, '100080', 'profit_sharing', 'Get 0.61 USD from ddd (Low)', '0.61', 'ddd', '1643287330'),
(581, '100079', 'profit_sharing', 'Get 0.41 USD from ddd (Low)', '0.41', 'ddd', '1643287330'),
(582, '100001', 'profit_sharing', 'Get 0.41 USD from ddd (Low)', '0.41', 'ddd', '1643287330'),
(583, '100001', 'profit_sharing', 'Get 0.2 USD from ddd (Low)', '0.2', 'ddd', '1643287330'),
(584, '100091', 'profit_sharing', 'Get 2.47 USD from thedrumerss@gmail.com (Low)', '2.47', 'thedrumerss@gmail.com', '1643287330'),
(585, '100001', 'profit_sharing', 'Get 1.48 USD from thedrumerss@gmail.com (Low)', '1.48', 'thedrumerss@gmail.com', '1643287330'),
(586, '100001', 'profit_sharing', 'Get 0.99 USD from thedrumerss@gmail.com (Low)', '0.99', 'thedrumerss@gmail.com', '1643287330'),
(587, '100001', 'profit_sharing', 'Get 0.99 USD from thedrumerss@gmail.com (Low)', '0.99', 'thedrumerss@gmail.com', '1643287330'),
(588, '100001', 'profit_sharing', 'Get 0.49 USD from thedrumerss@gmail.com (Low)', '0.49', 'thedrumerss@gmail.com', '1643287330'),
(589, '100084', 'profit_sharing', 'Get 1.02 USD from aaa3 (Low)', '1.02', 'aaa3', '1643287330'),
(590, '100081', 'profit_sharing', 'Get 0.61 USD from aaa3 (Low)', '0.61', 'aaa3', '1643287330'),
(591, '100079', 'profit_sharing', 'Get 0.41 USD from aaa3 (Low)', '0.41', 'aaa3', '1643287330'),
(592, '100001', 'profit_sharing', 'Get 0.41 USD from aaa3 (Low)', '0.41', 'aaa3', '1643287330'),
(593, '100001', 'profit_sharing', 'Get 0.2 USD from aaa3 (Low)', '0.2', 'aaa3', '1643287330'),
(594, '100001', 'profit_sharing', 'Get 1.02 USD from aaa (Low)', '1.02', 'aaa', '1643287330'),
(595, '100001', 'profit_sharing', 'Get 0.61 USD from aaa (Low)', '0.61', 'aaa', '1643287330'),
(596, '100001', 'profit_sharing', 'Get 0.41 USD from aaa (Low)', '0.41', 'aaa', '1643287330'),
(597, '100001', 'profit_sharing', 'Get 0.41 USD from aaa (Low)', '0.41', 'aaa', '1643287330'),
(598, '100001', 'profit_sharing', 'Get 0.2 USD from aaa (Low)', '0.2', 'aaa', '1643287330'),
(599, '100083', 'profit_sharing', 'Get 1.02 USD from eee (Low)', '1.02', 'eee', '1643287330'),
(600, '100082', 'profit_sharing', 'Get 0.61 USD from eee (Low)', '0.61', 'eee', '1643287330'),
(601, '100080', 'profit_sharing', 'Get 0.41 USD from eee (Low)', '0.41', 'eee', '1643287330'),
(602, '100079', 'profit_sharing', 'Get 0.41 USD from eee (Low)', '0.41', 'eee', '1643287330'),
(603, '100001', 'profit_sharing', 'Get 0.2 USD from eee (Low)', '0.2', 'eee', '1643287330'),
(604, '100085', 'profit_sharing', 'Get 1.02 USD from fff (Low)', '1.02', 'fff', '1643287330'),
(605, '100083', 'profit_sharing', 'Get 0.61 USD from fff (Low)', '0.61', 'fff', '1643287330'),
(606, '100082', 'profit_sharing', 'Get 0.41 USD from fff (Low)', '0.41', 'fff', '1643287330'),
(607, '100080', 'profit_sharing', 'Get 0.41 USD from fff (Low)', '0.41', 'fff', '1643287330'),
(608, '100079', 'profit_sharing', 'Get 0.2 USD from fff (Low)', '0.2', 'fff', '1643287330'),
(609, '100091', 'profit_sharing', 'Get 1.99 USD from Mas E (Low)', '1.99', 'Mas E', '1643287330'),
(610, '100001', 'profit_sharing', 'Get 1.19 USD from Mas E (Low)', '1.19', 'Mas E', '1643287330'),
(611, '100001', 'profit_sharing', 'Get 0.79 USD from Mas E (Low)', '0.79', 'Mas E', '1643287330'),
(612, '100001', 'profit_sharing', 'Get 0.79 USD from Mas E (Low)', '0.79', 'Mas E', '1643287330'),
(613, '100001', 'profit_sharing', 'Get 0.4 USD from Mas E (Low)', '0.4', 'Mas E', '1643287330'),
(614, '100104', 'profit_sharing', 'Get 0.26 USD from N13 (Low)', '0.26', 'N13', '1643287330'),
(615, '100091', 'profit_sharing', 'Get 0.15 USD from N13 (Low)', '0.15', 'N13', '1643287330'),
(616, '100001', 'profit_sharing', 'Get 0.1 USD from N13 (Low)', '0.1', 'N13', '1643287330'),
(617, '100001', 'profit_sharing', 'Get 0.1 USD from N13 (Low)', '0.1', 'N13', '1643287330'),
(618, '100001', 'profit_sharing', 'Get 0.05 USD from N13 (Low)', '0.05', 'N13', '1643287330'),
(619, '100079', 'profit_sharing', 'Get 1.02 USD from aaa1 (Low)', '1.02', 'aaa1', '1643287330'),
(620, '100001', 'profit_sharing', 'Get 0.61 USD from aaa1 (Low)', '0.61', 'aaa1', '1643287330'),
(621, '100001', 'profit_sharing', 'Get 0.41 USD from aaa1 (Low)', '0.41', 'aaa1', '1643287330'),
(622, '100001', 'profit_sharing', 'Get 0.41 USD from aaa1 (Low)', '0.41', 'aaa1', '1643287330'),
(623, '100001', 'profit_sharing', 'Get 0.2 USD from aaa1 (Low)', '0.2', 'aaa1', '1643287330'),
(624, '100091', 'profit_sharing', 'Get 2.88 USD from HOKYTRADE22 (Low)', '2.88', 'HOKYTRADE22', '1643287330'),
(625, '100001', 'profit_sharing', 'Get 1.73 USD from HOKYTRADE22 (Low)', '1.73', 'HOKYTRADE22', '1643287330'),
(626, '100001', 'profit_sharing', 'Get 1.15 USD from HOKYTRADE22 (Low)', '1.15', 'HOKYTRADE22', '1643287330'),
(627, '100001', 'profit_sharing', 'Get 1.15 USD from HOKYTRADE22 (Low)', '1.15', 'HOKYTRADE22', '1643287330'),
(628, '100001', 'profit_sharing', 'Get 0.58 USD from HOKYTRADE22 (Low)', '0.58', 'HOKYTRADE22', '1643287330'),
(629, '100086', 'profit_sharing', 'Get 1.02 USD from aaa4 (Low)', '1.02', 'aaa4', '1643287330'),
(630, '100084', 'profit_sharing', 'Get 0.61 USD from aaa4 (Low)', '0.61', 'aaa4', '1643287330'),
(631, '100081', 'profit_sharing', 'Get 0.41 USD from aaa4 (Low)', '0.41', 'aaa4', '1643287330'),
(632, '100079', 'profit_sharing', 'Get 0.41 USD from aaa4 (Low)', '0.41', 'aaa4', '1643287330'),
(633, '100001', 'profit_sharing', 'Get 0.2 USD from aaa4 (Low)', '0.2', 'aaa4', '1643287330'),
(634, '100079', 'profit_sharing', 'Get 1.02 USD from bbb (Low)', '1.02', 'bbb', '1643287330'),
(635, '100001', 'profit_sharing', 'Get 0.61 USD from bbb (Low)', '0.61', 'bbb', '1643287330'),
(636, '100001', 'profit_sharing', 'Get 0.41 USD from bbb (Low)', '0.41', 'bbb', '1643287330'),
(637, '100001', 'profit_sharing', 'Get 0.41 USD from bbb (Low)', '0.41', 'bbb', '1643287330'),
(638, '100001', 'profit_sharing', 'Get 0.2 USD from bbb (Low)', '0.2', 'bbb', '1643287330'),
(639, '100088', 'profit_sharing', 'Get 1.02 USD from aaa5 (Low)', '1.02', 'aaa5', '1643287330'),
(640, '100086', 'profit_sharing', 'Get 0.61 USD from aaa5 (Low)', '0.61', 'aaa5', '1643287330'),
(641, '100084', 'profit_sharing', 'Get 0.41 USD from aaa5 (Low)', '0.41', 'aaa5', '1643287330'),
(642, '100081', 'profit_sharing', 'Get 0.41 USD from aaa5 (Low)', '0.41', 'aaa5', '1643287330'),
(643, '100079', 'profit_sharing', 'Get 0.2 USD from aaa5 (Low)', '0.2', 'aaa5', '1643287330'),
(644, '100080', 'profit_sharing', 'Get 1.02 USD from ccc (Low)', '1.02', 'ccc', '1643287330'),
(645, '100079', 'profit_sharing', 'Get 0.61 USD from ccc (Low)', '0.61', 'ccc', '1643287330'),
(646, '100001', 'profit_sharing', 'Get 0.41 USD from ccc (Low)', '0.41', 'ccc', '1643287330'),
(647, '100001', 'profit_sharing', 'Get 0.41 USD from ccc (Low)', '0.41', 'ccc', '1643287330'),
(648, '100001', 'profit_sharing', 'Get 0.2 USD from ccc (Low)', '0.2', 'ccc', '1643287330'),
(649, '100091', 'profit_sharing', 'Get 2.47 USD from Bang J (Low)', '2.47', 'Bang J', '1643287330'),
(650, '100001', 'profit_sharing', 'Get 1.48 USD from Bang J (Low)', '1.48', 'Bang J', '1643287330'),
(651, '100001', 'profit_sharing', 'Get 0.99 USD from Bang J (Low)', '0.99', 'Bang J', '1643287330'),
(652, '100001', 'profit_sharing', 'Get 0.99 USD from Bang J (Low)', '0.99', 'Bang J', '1643287330'),
(653, '100001', 'profit_sharing', 'Get 0.49 USD from Bang J (Low)', '0.49', 'Bang J', '1643287330'),
(654, '100095', 'profit_sharing', 'Get 0.5 USD from IDO (Low)', '0.5', 'IDO', '1643287330'),
(655, '100091', 'profit_sharing', 'Get 0.3 USD from IDO (Low)', '0.3', 'IDO', '1643287330'),
(656, '100001', 'profit_sharing', 'Get 0.2 USD from IDO (Low)', '0.2', 'IDO', '1643287330'),
(657, '100001', 'profit_sharing', 'Get 0.2 USD from IDO (Low)', '0.2', 'IDO', '1643287330'),
(658, '100001', 'profit_sharing', 'Get 0.1 USD from IDO (Low)', '0.1', 'IDO', '1643287330'),
(659, '100081', 'profit_sharing', 'Get 1.02 USD from aaa2 (Low)', '1.02', 'aaa2', '1643287330'),
(660, '100079', 'profit_sharing', 'Get 0.61 USD from aaa2 (Low)', '0.61', 'aaa2', '1643287330'),
(661, '100001', 'profit_sharing', 'Get 0.41 USD from aaa2 (Low)', '0.41', 'aaa2', '1643287330'),
(662, '100001', 'profit_sharing', 'Get 0.41 USD from aaa2 (Low)', '0.41', 'aaa2', '1643287330'),
(663, '100001', 'profit_sharing', 'Get 0.2 USD from aaa2 (Low)', '0.2', 'aaa2', '1643287330'),
(664, '100138', 'add', 'Adding balance from trading account', '500', 'Low Account', '1643288177'),
(665, '100093', 'add', 'Adding balance from trading account', '1000', 'High Account', '1643288256'),
(666, '100116', 'add', 'Adding balance from trading account', '452', 'High Account', '1643293210'),
(667, '100095', 'deduct', 'Taking balance from trading account', '10', 'High Account', '1643301737'),
(668, '100095', 'add', 'Adding balance from trading account', '10', 'High Account', '1643301792'),
(669, '100105', 'deduct', 'Taking balance from trading account', '34.54', 'Low Account', '1643607406'),
(670, '100105', 'deduct', 'Taking balance from trading account', '49.36', 'High Account', '1643607466'),
(671, '100104', 'add', 'Adding balance from trading account', '1000', 'High Account', '1643645806'),
(672, '100104', 'add', 'Adding balance from trading account', '1000', 'Low Account', '1643645821'),
(673, '100119', 'add', 'Adding balance from trading account', '510', 'High Account', '1643726132'),
(674, '100146', 'add', 'Adding balance from trading account', '100', 'High Account', '1643735899'),
(675, '100146', 'deduct', 'Taking balance from trading account', '100', 'High Account', '1643735971'),
(676, '100146', 'add', 'Adding balance from trading account', '102', 'High Account', '1643736355'),
(677, '100146', 'add', 'Adding balance from trading account', '150', 'Low Account', '1643736504'),
(678, '100146', 'add', 'Adding balance from trading account', '200', 'High Account', '1643736517'),
(679, '100146', 'deduct', 'Taking balance from trading account', '302', 'High Account', '1643736643'),
(680, '100146', 'deduct', 'Taking balance from trading account', '150', 'Low Account', '1643736652'),
(681, '100146', 'add', 'Adding balance from trading account', '502', 'High Account', '1643737829'),
(682, '100146', 'add', 'Adding balance from trading account', '600', 'Low Account', '1643737848'),
(683, '100146', 'deduct', 'Taking balance from trading account', '502', 'Low Account', '1643741283'),
(684, '100146', 'add', 'Adding balance from trading account', '502', 'Low Account', '1643741306'),
(685, '100146', 'deduct', 'Taking balance from trading account', '502', 'High Account', '1643741350'),
(686, '100146', 'add', 'Adding balance from trading account', '502', 'Low Account', '1643741364'),
(687, '100146', 'deduct', 'Taking balance from trading account', '1102', 'Low Account', '1643752849'),
(688, '100146', 'add', 'Adding balance from trading account', '1102', 'Low Account', '1643754803'),
(689, '100095', 'add', 'Adding balance from trading account', '50', 'Low Account', '1643759005'),
(690, '100095', 'deduct', 'Taking balance from trading account', '50', 'Low Account', '1643761631'),
(691, '100091', 'profit_sharing', 'Get 4.77 USD from Perikecil26 (High)', '4.77', 'Perikecil26', '1643882657'),
(692, '100001', 'profit_sharing', 'Get 2.86 USD from Perikecil26 (High)', '2.86', 'Perikecil26', '1643882657'),
(693, '100001', 'profit_sharing', 'Get 1.91 USD from Perikecil26 (High)', '1.91', 'Perikecil26', '1643882657'),
(694, '100001', 'profit_sharing', 'Get 1.91 USD from Perikecil26 (High)', '1.91', 'Perikecil26', '1643882657'),
(695, '100001', 'profit_sharing', 'Get 0.95 USD from Perikecil26 (High)', '0.95', 'Perikecil26', '1643882657'),
(696, '100092', 'profit_sharing', 'Get 0.28 USD from obengsatu@gmail.com (High)', '0.28', 'obengsatu@gmail.com', '1643882657'),
(697, '100091', 'profit_sharing', 'Get 0.17 USD from obengsatu@gmail.com (High)', '0.17', 'obengsatu@gmail.com', '1643882657'),
(698, '100001', 'profit_sharing', 'Get 0.11 USD from obengsatu@gmail.com (High)', '0.11', 'obengsatu@gmail.com', '1643882657'),
(699, '100001', 'profit_sharing', 'Get 0.11 USD from obengsatu@gmail.com (High)', '0.11', 'obengsatu@gmail.com', '1643882657'),
(700, '100001', 'profit_sharing', 'Get 0.06 USD from obengsatu@gmail.com (High)', '0.06', 'obengsatu@gmail.com', '1643882657'),
(701, '100092', 'profit_sharing', 'Get 0.35 USD from darrell.decoration@gmail.com (High)', '0.35', 'darrell.decoration@gmail.com', '1643882657'),
(702, '100091', 'profit_sharing', 'Get 0.21 USD from darrell.decoration@gmail.com (High)', '0.21', 'darrell.decoration@gmail.com', '1643882657'),
(703, '100001', 'profit_sharing', 'Get 0.14 USD from darrell.decoration@gmail.com (High)', '0.14', 'darrell.decoration@gmail.com', '1643882657'),
(704, '100001', 'profit_sharing', 'Get 0.14 USD from darrell.decoration@gmail.com (High)', '0.14', 'darrell.decoration@gmail.com', '1643882657'),
(705, '100001', 'profit_sharing', 'Get 0.07 USD from darrell.decoration@gmail.com (High)', '0.07', 'darrell.decoration@gmail.com', '1643882657'),
(706, '100086', 'profit_sharing', 'Get 1.07 USD from aaa4 (High)', '1.07', 'aaa4', '1643882657'),
(707, '100084', 'profit_sharing', 'Get 0.64 USD from aaa4 (High)', '0.64', 'aaa4', '1643882657'),
(708, '100081', 'profit_sharing', 'Get 0.43 USD from aaa4 (High)', '0.43', 'aaa4', '1643882657'),
(709, '100079', 'profit_sharing', 'Get 0.43 USD from aaa4 (High)', '0.43', 'aaa4', '1643882658'),
(710, '100001', 'profit_sharing', 'Get 0.21 USD from aaa4 (High)', '0.21', 'aaa4', '1643882658'),
(711, '100089', 'profit_sharing', 'Get 1.07 USD from aaa6 (High)', '1.07', 'aaa6', '1643882658'),
(712, '100088', 'profit_sharing', 'Get 0.64 USD from aaa6 (High)', '0.64', 'aaa6', '1643882658'),
(713, '100086', 'profit_sharing', 'Get 0.43 USD from aaa6 (High)', '0.43', 'aaa6', '1643882658'),
(714, '100084', 'profit_sharing', 'Get 0.43 USD from aaa6 (High)', '0.43', 'aaa6', '1643882658'),
(715, '100081', 'profit_sharing', 'Get 0.21 USD from aaa6 (High)', '0.21', 'aaa6', '1643882658'),
(716, '100080', 'profit_sharing', 'Get 1.07 USD from ccc (High)', '1.07', 'ccc', '1643882658'),
(717, '100079', 'profit_sharing', 'Get 0.64 USD from ccc (High)', '0.64', 'ccc', '1643882658'),
(718, '100001', 'profit_sharing', 'Get 0.43 USD from ccc (High)', '0.43', 'ccc', '1643882658'),
(719, '100001', 'profit_sharing', 'Get 0.43 USD from ccc (High)', '0.43', 'ccc', '1643882658'),
(720, '100001', 'profit_sharing', 'Get 0.21 USD from ccc (High)', '0.21', 'ccc', '1643882658'),
(721, '100091', 'profit_sharing', 'Get 4.79 USD from kenny.ava (High)', '4.79', 'kenny.ava', '1643882658'),
(722, '100001', 'profit_sharing', 'Get 2.87 USD from kenny.ava (High)', '2.87', 'kenny.ava', '1643882658'),
(723, '100001', 'profit_sharing', 'Get 1.92 USD from kenny.ava (High)', '1.92', 'kenny.ava', '1643882658'),
(724, '100001', 'profit_sharing', 'Get 1.92 USD from kenny.ava (High)', '1.92', 'kenny.ava', '1643882658'),
(725, '100001', 'profit_sharing', 'Get 0.96 USD from kenny.ava (High)', '0.96', 'kenny.ava', '1643882658'),
(726, '100084', 'profit_sharing', 'Get 1.07 USD from aaa3 (High)', '1.07', 'aaa3', '1643882658'),
(727, '100081', 'profit_sharing', 'Get 0.64 USD from aaa3 (High)', '0.64', 'aaa3', '1643882658'),
(728, '100079', 'profit_sharing', 'Get 0.43 USD from aaa3 (High)', '0.43', 'aaa3', '1643882658'),
(729, '100001', 'profit_sharing', 'Get 0.43 USD from aaa3 (High)', '0.43', 'aaa3', '1643882658'),
(730, '100001', 'profit_sharing', 'Get 0.21 USD from aaa3 (High)', '0.21', 'aaa3', '1643882658'),
(731, '100091', 'profit_sharing', 'Get 1.75 USD from rifkydans (High)', '1.75', 'rifkydans', '1643882658'),
(732, '100001', 'profit_sharing', 'Get 1.05 USD from rifkydans (High)', '1.05', 'rifkydans', '1643882658'),
(733, '100001', 'profit_sharing', 'Get 0.7 USD from rifkydans (High)', '0.7', 'rifkydans', '1643882658'),
(734, '100001', 'profit_sharing', 'Get 0.7 USD from rifkydans (High)', '0.7', 'rifkydans', '1643882658'),
(735, '100001', 'profit_sharing', 'Get 0.35 USD from rifkydans (High)', '0.35', 'rifkydans', '1643882658'),
(736, '100091', 'profit_sharing', 'Get 2.19 USD from thedrumerss@gmail.com (High)', '2.19', 'thedrumerss@gmail.com', '1643882658'),
(737, '100001', 'profit_sharing', 'Get 1.31 USD from thedrumerss@gmail.com (High)', '1.31', 'thedrumerss@gmail.com', '1643882658'),
(738, '100001', 'profit_sharing', 'Get 0.87 USD from thedrumerss@gmail.com (High)', '0.87', 'thedrumerss@gmail.com', '1643882658'),
(739, '100001', 'profit_sharing', 'Get 0.87 USD from thedrumerss@gmail.com (High)', '0.87', 'thedrumerss@gmail.com', '1643882658'),
(740, '100001', 'profit_sharing', 'Get 0.44 USD from thedrumerss@gmail.com (High)', '0.44', 'thedrumerss@gmail.com', '1643882658'),
(741, '100104', 'profit_sharing', 'Get 0.22 USD from N13 (High)', '0.22', 'N13', '1643882658'),
(742, '100091', 'profit_sharing', 'Get 0.13 USD from N13 (High)', '0.13', 'N13', '1643882658'),
(743, '100001', 'profit_sharing', 'Get 0.09 USD from N13 (High)', '0.09', 'N13', '1643882658'),
(744, '100001', 'profit_sharing', 'Get 0.09 USD from N13 (High)', '0.09', 'N13', '1643882658'),
(745, '100001', 'profit_sharing', 'Get 0.04 USD from N13 (High)', '0.04', 'N13', '1643882658'),
(746, '100001', 'profit_sharing', 'Get 1.07 USD from aaa (High)', '1.07', 'aaa', '1643882658'),
(747, '100001', 'profit_sharing', 'Get 0.64 USD from aaa (High)', '0.64', 'aaa', '1643882658'),
(748, '100001', 'profit_sharing', 'Get 0.43 USD from aaa (High)', '0.43', 'aaa', '1643882658'),
(749, '100001', 'profit_sharing', 'Get 0.43 USD from aaa (High)', '0.43', 'aaa', '1643882658'),
(750, '100001', 'profit_sharing', 'Get 0.21 USD from aaa (High)', '0.21', 'aaa', '1643882658'),
(751, '100083', 'profit_sharing', 'Get 1.07 USD from eee (High)', '1.07', 'eee', '1643882658'),
(752, '100082', 'profit_sharing', 'Get 0.64 USD from eee (High)', '0.64', 'eee', '1643882658'),
(753, '100080', 'profit_sharing', 'Get 0.43 USD from eee (High)', '0.43', 'eee', '1643882658'),
(754, '100079', 'profit_sharing', 'Get 0.43 USD from eee (High)', '0.43', 'eee', '1643882658'),
(755, '100001', 'profit_sharing', 'Get 0.21 USD from eee (High)', '0.21', 'eee', '1643882658'),
(756, '100094', 'profit_sharing', 'Get 0.09 USD from Hanafimalik (High)', '0.09', 'Hanafimalik', '1643882658'),
(757, '100091', 'profit_sharing', 'Get 0.05 USD from Hanafimalik (High)', '0.05', 'Hanafimalik', '1643882658'),
(758, '100001', 'profit_sharing', 'Get 0.04 USD from Hanafimalik (High)', '0.04', 'Hanafimalik', '1643882658'),
(759, '100001', 'profit_sharing', 'Get 0.04 USD from Hanafimalik (High)', '0.04', 'Hanafimalik', '1643882658'),
(760, '100001', 'profit_sharing', 'Get 0.02 USD from Hanafimalik (High)', '0.02', 'Hanafimalik', '1643882658'),
(761, '100095', 'profit_sharing', 'Get 3.06 USD from IDO (High)', '3.06', 'IDO', '1643882658'),
(762, '100091', 'profit_sharing', 'Get 1.84 USD from IDO (High)', '1.84', 'IDO', '1643882658'),
(763, '100001', 'profit_sharing', 'Get 1.23 USD from IDO (High)', '1.23', 'IDO', '1643882658'),
(764, '100001', 'profit_sharing', 'Get 1.23 USD from IDO (High)', '1.23', 'IDO', '1643882658'),
(765, '100001', 'profit_sharing', 'Get 0.61 USD from IDO (High)', '0.61', 'IDO', '1643882658'),
(766, '100081', 'profit_sharing', 'Get 1.07 USD from aaa2 (High)', '1.07', 'aaa2', '1643882658'),
(767, '100079', 'profit_sharing', 'Get 0.64 USD from aaa2 (High)', '0.64', 'aaa2', '1643882658'),
(768, '100001', 'profit_sharing', 'Get 0.43 USD from aaa2 (High)', '0.43', 'aaa2', '1643882658'),
(769, '100001', 'profit_sharing', 'Get 0.43 USD from aaa2 (High)', '0.43', 'aaa2', '1643882658'),
(770, '100001', 'profit_sharing', 'Get 0.21 USD from aaa2 (High)', '0.21', 'aaa2', '1643882658'),
(771, '100082', 'profit_sharing', 'Get 1.07 USD from ddd (High)', '1.07', 'ddd', '1643882658'),
(772, '100080', 'profit_sharing', 'Get 0.64 USD from ddd (High)', '0.64', 'ddd', '1643882658'),
(773, '100079', 'profit_sharing', 'Get 0.43 USD from ddd (High)', '0.43', 'ddd', '1643882658'),
(774, '100001', 'profit_sharing', 'Get 0.43 USD from ddd (High)', '0.43', 'ddd', '1643882658'),
(775, '100001', 'profit_sharing', 'Get 0.21 USD from ddd (High)', '0.21', 'ddd', '1643882658'),
(776, '100095', 'profit_sharing', 'Get 0.24 USD from nisasya (High)', '0.24', 'nisasya', '1643882658'),
(777, '100091', 'profit_sharing', 'Get 0.14 USD from nisasya (High)', '0.14', 'nisasya', '1643882658'),
(778, '100001', 'profit_sharing', 'Get 0.1 USD from nisasya (High)', '0.1', 'nisasya', '1643882658'),
(779, '100001', 'profit_sharing', 'Get 0.1 USD from nisasya (High)', '0.1', 'nisasya', '1643882658'),
(780, '100001', 'profit_sharing', 'Get 0.05 USD from nisasya (High)', '0.05', 'nisasya', '1643882658'),
(781, '100095', 'profit_sharing', 'Get 0.04 USD from rinatyo (High)', '0.04', 'rinatyo', '1643882658'),
(782, '100091', 'profit_sharing', 'Get 0.03 USD from rinatyo (High)', '0.03', 'rinatyo', '1643882658'),
(783, '100001', 'profit_sharing', 'Get 0.02 USD from rinatyo (High)', '0.02', 'rinatyo', '1643882658'),
(784, '100001', 'profit_sharing', 'Get 0.02 USD from rinatyo (High)', '0.02', 'rinatyo', '1643882658'),
(785, '100001', 'profit_sharing', 'Get 0.01 USD from rinatyo (High)', '0.01', 'rinatyo', '1643882658'),
(786, '100091', 'profit_sharing', 'Get 2.54 USD from HOKYTRADE22 (High)', '2.54', 'HOKYTRADE22', '1643882658'),
(787, '100001', 'profit_sharing', 'Get 1.52 USD from HOKYTRADE22 (High)', '1.52', 'HOKYTRADE22', '1643882658'),
(788, '100001', 'profit_sharing', 'Get 1.02 USD from HOKYTRADE22 (High)', '1.02', 'HOKYTRADE22', '1643882658'),
(789, '100001', 'profit_sharing', 'Get 1.02 USD from HOKYTRADE22 (High)', '1.02', 'HOKYTRADE22', '1643882658'),
(790, '100001', 'profit_sharing', 'Get 0.51 USD from HOKYTRADE22 (High)', '0.51', 'HOKYTRADE22', '1643882658'),
(791, '100091', 'profit_sharing', 'Get 1.75 USD from Mas E (High)', '1.75', 'Mas E', '1643882658'),
(792, '100001', 'profit_sharing', 'Get 1.05 USD from Mas E (High)', '1.05', 'Mas E', '1643882658'),
(793, '100001', 'profit_sharing', 'Get 0.7 USD from Mas E (High)', '0.7', 'Mas E', '1643882658'),
(794, '100001', 'profit_sharing', 'Get 0.7 USD from Mas E (High)', '0.7', 'Mas E', '1643882658'),
(795, '100001', 'profit_sharing', 'Get 0.35 USD from Mas E (High)', '0.35', 'Mas E', '1643882658'),
(796, '100091', 'profit_sharing', 'Get 2.13 USD from Bang J (High)', '2.13', 'Bang J', '1643882658'),
(797, '100001', 'profit_sharing', 'Get 1.28 USD from Bang J (High)', '1.28', 'Bang J', '1643882658'),
(798, '100001', 'profit_sharing', 'Get 0.85 USD from Bang J (High)', '0.85', 'Bang J', '1643882658'),
(799, '100001', 'profit_sharing', 'Get 0.85 USD from Bang J (High)', '0.85', 'Bang J', '1643882658'),
(800, '100001', 'profit_sharing', 'Get 0.43 USD from Bang J (High)', '0.43', 'Bang J', '1643882658'),
(801, '100085', 'profit_sharing', 'Get 1.07 USD from fff (High)', '1.07', 'fff', '1643882658'),
(802, '100083', 'profit_sharing', 'Get 0.64 USD from fff (High)', '0.64', 'fff', '1643882658'),
(803, '100082', 'profit_sharing', 'Get 0.43 USD from fff (High)', '0.43', 'fff', '1643882658'),
(804, '100080', 'profit_sharing', 'Get 0.43 USD from fff (High)', '0.43', 'fff', '1643882658'),
(805, '100079', 'profit_sharing', 'Get 0.21 USD from fff (High)', '0.21', 'fff', '1643882658'),
(806, '100088', 'profit_sharing', 'Get 1.07 USD from aaa5 (High)', '1.07', 'aaa5', '1643882658'),
(807, '100086', 'profit_sharing', 'Get 0.64 USD from aaa5 (High)', '0.64', 'aaa5', '1643882658'),
(808, '100084', 'profit_sharing', 'Get 0.43 USD from aaa5 (High)', '0.43', 'aaa5', '1643882658'),
(809, '100081', 'profit_sharing', 'Get 0.43 USD from aaa5 (High)', '0.43', 'aaa5', '1643882658'),
(810, '100079', 'profit_sharing', 'Get 0.21 USD from aaa5 (High)', '0.21', 'aaa5', '1643882658'),
(811, '100079', 'profit_sharing', 'Get 1.07 USD from aaa1 (High)', '1.07', 'aaa1', '1643882658'),
(812, '100001', 'profit_sharing', 'Get 0.64 USD from aaa1 (High)', '0.64', 'aaa1', '1643882658'),
(813, '100001', 'profit_sharing', 'Get 0.43 USD from aaa1 (High)', '0.43', 'aaa1', '1643882658'),
(814, '100001', 'profit_sharing', 'Get 0.43 USD from aaa1 (High)', '0.43', 'aaa1', '1643882658'),
(815, '100001', 'profit_sharing', 'Get 0.21 USD from aaa1 (High)', '0.21', 'aaa1', '1643882658'),
(816, '100095', 'profit_sharing', 'Get 0.04 USD from alfimau (High)', '0.04', 'alfimau', '1643882658'),
(817, '100091', 'profit_sharing', 'Get 0.03 USD from alfimau (High)', '0.03', 'alfimau', '1643882658'),
(818, '100001', 'profit_sharing', 'Get 0.02 USD from alfimau (High)', '0.02', 'alfimau', '1643882658'),
(819, '100001', 'profit_sharing', 'Get 0.02 USD from alfimau (High)', '0.02', 'alfimau', '1643882658'),
(820, '100001', 'profit_sharing', 'Get 0.01 USD from alfimau (High)', '0.01', 'alfimau', '1643882658'),
(821, '100095', 'profit_sharing', 'Get 0.38 USD from okisaput (High)', '0.38', 'okisaput', '1643882658'),
(822, '100091', 'profit_sharing', 'Get 0.23 USD from okisaput (High)', '0.23', 'okisaput', '1643882658'),
(823, '100001', 'profit_sharing', 'Get 0.15 USD from okisaput (High)', '0.15', 'okisaput', '1643882658'),
(824, '100001', 'profit_sharing', 'Get 0.15 USD from okisaput (High)', '0.15', 'okisaput', '1643882658'),
(825, '100001', 'profit_sharing', 'Get 0.08 USD from okisaput (High)', '0.08', 'okisaput', '1643882658'),
(826, '100096', 'profit_sharing', 'Get 5.55 USD from Tuan Muda (High)', '5.55', 'Tuan Muda', '1643882658'),
(827, '100095', 'profit_sharing', 'Get 3.33 USD from Tuan Muda (High)', '3.33', 'Tuan Muda', '1643882658'),
(828, '100091', 'profit_sharing', 'Get 2.22 USD from Tuan Muda (High)', '2.22', 'Tuan Muda', '1643882658'),
(829, '100001', 'profit_sharing', 'Get 2.22 USD from Tuan Muda (High)', '2.22', 'Tuan Muda', '1643882658'),
(830, '100001', 'profit_sharing', 'Get 1.11 USD from Tuan Muda (High)', '1.11', 'Tuan Muda', '1643882658'),
(831, '100079', 'profit_sharing', 'Get 1.07 USD from bbb (High)', '1.07', 'bbb', '1643882658'),
(832, '100001', 'profit_sharing', 'Get 0.64 USD from bbb (High)', '0.64', 'bbb', '1643882658'),
(833, '100001', 'profit_sharing', 'Get 0.43 USD from bbb (High)', '0.43', 'bbb', '1643882658'),
(834, '100001', 'profit_sharing', 'Get 0.43 USD from bbb (High)', '0.43', 'bbb', '1643882658'),
(835, '100001', 'profit_sharing', 'Get 0.21 USD from bbb (High)', '0.21', 'bbb', '1643882658'),
(836, '100001', 'profit_sharing', 'Get 12.77 USD from Kenzo (High)', '12.77', 'Kenzo', '1643882658'),
(837, '100001', 'profit_sharing', 'Get 7.66 USD from Kenzo (High)', '7.66', 'Kenzo', '1643882658'),
(838, '100001', 'profit_sharing', 'Get 5.11 USD from Kenzo (High)', '5.11', 'Kenzo', '1643882658'),
(839, '100001', 'profit_sharing', 'Get 5.11 USD from Kenzo (High)', '5.11', 'Kenzo', '1643882658'),
(840, '100001', 'profit_sharing', 'Get 2.55 USD from Kenzo (High)', '2.55', 'Kenzo', '1643882658'),
(841, '100095', 'profit_sharing', 'Get 0.33 USD from rickyirawan (High)', '0.33', 'rickyirawan', '1643882658'),
(842, '100091', 'profit_sharing', 'Get 0.2 USD from rickyirawan (High)', '0.2', 'rickyirawan', '1643882658'),
(843, '100001', 'profit_sharing', 'Get 0.13 USD from rickyirawan (High)', '0.13', 'rickyirawan', '1643882658'),
(844, '100001', 'profit_sharing', 'Get 0.13 USD from rickyirawan (High)', '0.13', 'rickyirawan', '1643882658'),
(845, '100001', 'profit_sharing', 'Get 0.07 USD from rickyirawan (High)', '0.07', 'rickyirawan', '1643882658'),
(846, '100092', 'profit_sharing', 'Get 0.09 USD from romet (High)', '0.09', 'romet', '1643882658'),
(847, '100091', 'profit_sharing', 'Get 0.05 USD from romet (High)', '0.05', 'romet', '1643882658'),
(848, '100001', 'profit_sharing', 'Get 0.04 USD from romet (High)', '0.04', 'romet', '1643882658'),
(849, '100001', 'profit_sharing', 'Get 0.04 USD from romet (High)', '0.04', 'romet', '1643882658'),
(850, '100001', 'profit_sharing', 'Get 0.02 USD from romet (High)', '0.02', 'romet', '1643882658'),
(851, '100092', 'profit_sharing', 'Get 0.65 USD from jessicachrss@gmail.com (Low)', '0.65', 'jessicachrss@gmail.com', '1643882659'),
(852, '100091', 'profit_sharing', 'Get 0.39 USD from jessicachrss@gmail.com (Low)', '0.39', 'jessicachrss@gmail.com', '1643882659'),
(853, '100001', 'profit_sharing', 'Get 0.26 USD from jessicachrss@gmail.com (Low)', '0.26', 'jessicachrss@gmail.com', '1643882659'),
(854, '100001', 'profit_sharing', 'Get 0.26 USD from jessicachrss@gmail.com (Low)', '0.26', 'jessicachrss@gmail.com', '1643882659'),
(855, '100001', 'profit_sharing', 'Get 0.13 USD from jessicachrss@gmail.com (Low)', '0.13', 'jessicachrss@gmail.com', '1643882659'),
(856, '100089', 'profit_sharing', 'Get 0.61 USD from aaa6 (Low)', '0.61', 'aaa6', '1643882659'),
(857, '100088', 'profit_sharing', 'Get 0.37 USD from aaa6 (Low)', '0.37', 'aaa6', '1643882659'),
(858, '100086', 'profit_sharing', 'Get 0.25 USD from aaa6 (Low)', '0.25', 'aaa6', '1643882659'),
(859, '100084', 'profit_sharing', 'Get 0.25 USD from aaa6 (Low)', '0.25', 'aaa6', '1643882659'),
(860, '100081', 'profit_sharing', 'Get 0.12 USD from aaa6 (Low)', '0.12', 'aaa6', '1643882659'),
(861, '100091', 'profit_sharing', 'Get 1.19 USD from rifkydans (Low)', '1.19', 'rifkydans', '1643882659'),
(862, '100001', 'profit_sharing', 'Get 0.72 USD from rifkydans (Low)', '0.72', 'rifkydans', '1643882659'),
(863, '100001', 'profit_sharing', 'Get 0.48 USD from rifkydans (Low)', '0.48', 'rifkydans', '1643882659'),
(864, '100001', 'profit_sharing', 'Get 0.48 USD from rifkydans (Low)', '0.48', 'rifkydans', '1643882659'),
(865, '100001', 'profit_sharing', 'Get 0.24 USD from rifkydans (Low)', '0.24', 'rifkydans', '1643882659'),
(866, '100082', 'profit_sharing', 'Get 0.61 USD from ddd (Low)', '0.61', 'ddd', '1643882659'),
(867, '100080', 'profit_sharing', 'Get 0.37 USD from ddd (Low)', '0.37', 'ddd', '1643882659'),
(868, '100079', 'profit_sharing', 'Get 0.25 USD from ddd (Low)', '0.25', 'ddd', '1643882659'),
(869, '100001', 'profit_sharing', 'Get 0.25 USD from ddd (Low)', '0.25', 'ddd', '1643882659'),
(870, '100001', 'profit_sharing', 'Get 0.12 USD from ddd (Low)', '0.12', 'ddd', '1643882659'),
(871, '100091', 'profit_sharing', 'Get 1.49 USD from thedrumerss@gmail.com (Low)', '1.49', 'thedrumerss@gmail.com', '1643882659'),
(872, '100001', 'profit_sharing', 'Get 0.89 USD from thedrumerss@gmail.com (Low)', '0.89', 'thedrumerss@gmail.com', '1643882659'),
(873, '100001', 'profit_sharing', 'Get 0.6 USD from thedrumerss@gmail.com (Low)', '0.6', 'thedrumerss@gmail.com', '1643882659'),
(874, '100001', 'profit_sharing', 'Get 0.6 USD from thedrumerss@gmail.com (Low)', '0.6', 'thedrumerss@gmail.com', '1643882659'),
(875, '100001', 'profit_sharing', 'Get 0.3 USD from thedrumerss@gmail.com (Low)', '0.3', 'thedrumerss@gmail.com', '1643882659'),
(876, '100084', 'profit_sharing', 'Get 0.61 USD from aaa3 (Low)', '0.61', 'aaa3', '1643882660'),
(877, '100081', 'profit_sharing', 'Get 0.37 USD from aaa3 (Low)', '0.37', 'aaa3', '1643882660'),
(878, '100079', 'profit_sharing', 'Get 0.25 USD from aaa3 (Low)', '0.25', 'aaa3', '1643882660'),
(879, '100001', 'profit_sharing', 'Get 0.25 USD from aaa3 (Low)', '0.25', 'aaa3', '1643882660'),
(880, '100001', 'profit_sharing', 'Get 0.12 USD from aaa3 (Low)', '0.12', 'aaa3', '1643882660'),
(881, '100001', 'profit_sharing', 'Get 0.61 USD from aaa (Low)', '0.61', 'aaa', '1643882660'),
(882, '100001', 'profit_sharing', 'Get 0.37 USD from aaa (Low)', '0.37', 'aaa', '1643882660'),
(883, '100001', 'profit_sharing', 'Get 0.25 USD from aaa (Low)', '0.25', 'aaa', '1643882660'),
(884, '100001', 'profit_sharing', 'Get 0.25 USD from aaa (Low)', '0.25', 'aaa', '1643882660'),
(885, '100001', 'profit_sharing', 'Get 0.12 USD from aaa (Low)', '0.12', 'aaa', '1643882660'),
(886, '100083', 'profit_sharing', 'Get 0.61 USD from eee (Low)', '0.61', 'eee', '1643882660'),
(887, '100082', 'profit_sharing', 'Get 0.37 USD from eee (Low)', '0.37', 'eee', '1643882660'),
(888, '100080', 'profit_sharing', 'Get 0.25 USD from eee (Low)', '0.25', 'eee', '1643882660'),
(889, '100079', 'profit_sharing', 'Get 0.25 USD from eee (Low)', '0.25', 'eee', '1643882660'),
(890, '100001', 'profit_sharing', 'Get 0.12 USD from eee (Low)', '0.12', 'eee', '1643882660'),
(891, '100085', 'profit_sharing', 'Get 0.61 USD from fff (Low)', '0.61', 'fff', '1643882660'),
(892, '100083', 'profit_sharing', 'Get 0.37 USD from fff (Low)', '0.37', 'fff', '1643882660'),
(893, '100082', 'profit_sharing', 'Get 0.25 USD from fff (Low)', '0.25', 'fff', '1643882660'),
(894, '100080', 'profit_sharing', 'Get 0.25 USD from fff (Low)', '0.25', 'fff', '1643882660'),
(895, '100079', 'profit_sharing', 'Get 0.12 USD from fff (Low)', '0.12', 'fff', '1643882660'),
(896, '100091', 'profit_sharing', 'Get 1.19 USD from Mas E (Low)', '1.19', 'Mas E', '1643882660'),
(897, '100001', 'profit_sharing', 'Get 0.72 USD from Mas E (Low)', '0.72', 'Mas E', '1643882660'),
(898, '100001', 'profit_sharing', 'Get 0.48 USD from Mas E (Low)', '0.48', 'Mas E', '1643882660'),
(899, '100001', 'profit_sharing', 'Get 0.48 USD from Mas E (Low)', '0.48', 'Mas E', '1643882660'),
(900, '100001', 'profit_sharing', 'Get 0.24 USD from Mas E (Low)', '0.24', 'Mas E', '1643882660'),
(901, '100104', 'profit_sharing', 'Get 0.15 USD from N13 (Low)', '0.15', 'N13', '1643882660'),
(902, '100091', 'profit_sharing', 'Get 0.09 USD from N13 (Low)', '0.09', 'N13', '1643882660'),
(903, '100001', 'profit_sharing', 'Get 0.06 USD from N13 (Low)', '0.06', 'N13', '1643882660'),
(904, '100001', 'profit_sharing', 'Get 0.06 USD from N13 (Low)', '0.06', 'N13', '1643882660'),
(905, '100001', 'profit_sharing', 'Get 0.03 USD from N13 (Low)', '0.03', 'N13', '1643882660'),
(906, '100079', 'profit_sharing', 'Get 0.61 USD from aaa1 (Low)', '0.61', 'aaa1', '1643882660'),
(907, '100001', 'profit_sharing', 'Get 0.37 USD from aaa1 (Low)', '0.37', 'aaa1', '1643882660'),
(908, '100001', 'profit_sharing', 'Get 0.25 USD from aaa1 (Low)', '0.25', 'aaa1', '1643882660'),
(909, '100001', 'profit_sharing', 'Get 0.25 USD from aaa1 (Low)', '0.25', 'aaa1', '1643882660'),
(910, '100001', 'profit_sharing', 'Get 0.12 USD from aaa1 (Low)', '0.12', 'aaa1', '1643882660'),
(911, '100091', 'profit_sharing', 'Get 1.73 USD from HOKYTRADE22 (Low)', '1.73', 'HOKYTRADE22', '1643882660'),
(912, '100001', 'profit_sharing', 'Get 1.04 USD from HOKYTRADE22 (Low)', '1.04', 'HOKYTRADE22', '1643882660'),
(913, '100001', 'profit_sharing', 'Get 0.69 USD from HOKYTRADE22 (Low)', '0.69', 'HOKYTRADE22', '1643882660'),
(914, '100001', 'profit_sharing', 'Get 0.69 USD from HOKYTRADE22 (Low)', '0.69', 'HOKYTRADE22', '1643882660'),
(915, '100001', 'profit_sharing', 'Get 0.35 USD from HOKYTRADE22 (Low)', '0.35', 'HOKYTRADE22', '1643882660'),
(916, '100093', 'profit_sharing', 'Get 0.64 USD from Miketob45 (Low)', '0.64', 'Miketob45', '1643882660'),
(917, '100091', 'profit_sharing', 'Get 0.39 USD from Miketob45 (Low)', '0.39', 'Miketob45', '1643882660'),
(918, '100001', 'profit_sharing', 'Get 0.26 USD from Miketob45 (Low)', '0.26', 'Miketob45', '1643882660'),
(919, '100001', 'profit_sharing', 'Get 0.26 USD from Miketob45 (Low)', '0.26', 'Miketob45', '1643882660'),
(920, '100001', 'profit_sharing', 'Get 0.13 USD from Miketob45 (Low)', '0.13', 'Miketob45', '1643882660'),
(921, '100086', 'profit_sharing', 'Get 0.61 USD from aaa4 (Low)', '0.61', 'aaa4', '1643882660'),
(922, '100084', 'profit_sharing', 'Get 0.37 USD from aaa4 (Low)', '0.37', 'aaa4', '1643882660'),
(923, '100081', 'profit_sharing', 'Get 0.25 USD from aaa4 (Low)', '0.25', 'aaa4', '1643882660'),
(924, '100079', 'profit_sharing', 'Get 0.25 USD from aaa4 (Low)', '0.25', 'aaa4', '1643882660'),
(925, '100001', 'profit_sharing', 'Get 0.12 USD from aaa4 (Low)', '0.12', 'aaa4', '1643882660'),
(926, '100093', 'profit_sharing', 'Get 0.29 USD from pajangrahayu (Low)', '0.29', 'pajangrahayu', '1643882660'),
(927, '100091', 'profit_sharing', 'Get 0.18 USD from pajangrahayu (Low)', '0.18', 'pajangrahayu', '1643882660'),
(928, '100001', 'profit_sharing', 'Get 0.12 USD from pajangrahayu (Low)', '0.12', 'pajangrahayu', '1643882660'),
(929, '100001', 'profit_sharing', 'Get 0.12 USD from pajangrahayu (Low)', '0.12', 'pajangrahayu', '1643882660'),
(930, '100001', 'profit_sharing', 'Get 0.06 USD from pajangrahayu (Low)', '0.06', 'pajangrahayu', '1643882660'),
(931, '100079', 'profit_sharing', 'Get 0.61 USD from bbb (Low)', '0.61', 'bbb', '1643882660'),
(932, '100001', 'profit_sharing', 'Get 0.37 USD from bbb (Low)', '0.37', 'bbb', '1643882660'),
(933, '100001', 'profit_sharing', 'Get 0.25 USD from bbb (Low)', '0.25', 'bbb', '1643882660'),
(934, '100001', 'profit_sharing', 'Get 0.25 USD from bbb (Low)', '0.25', 'bbb', '1643882660'),
(935, '100001', 'profit_sharing', 'Get 0.12 USD from bbb (Low)', '0.12', 'bbb', '1643882660'),
(936, '100088', 'profit_sharing', 'Get 0.61 USD from aaa5 (Low)', '0.61', 'aaa5', '1643882660'),
(937, '100086', 'profit_sharing', 'Get 0.37 USD from aaa5 (Low)', '0.37', 'aaa5', '1643882660'),
(938, '100084', 'profit_sharing', 'Get 0.25 USD from aaa5 (Low)', '0.25', 'aaa5', '1643882660'),
(939, '100081', 'profit_sharing', 'Get 0.25 USD from aaa5 (Low)', '0.25', 'aaa5', '1643882660'),
(940, '100079', 'profit_sharing', 'Get 0.12 USD from aaa5 (Low)', '0.12', 'aaa5', '1643882660'),
(941, '100080', 'profit_sharing', 'Get 0.61 USD from ccc (Low)', '0.61', 'ccc', '1643882660'),
(942, '100079', 'profit_sharing', 'Get 0.37 USD from ccc (Low)', '0.37', 'ccc', '1643882660'),
(943, '100001', 'profit_sharing', 'Get 0.25 USD from ccc (Low)', '0.25', 'ccc', '1643882660'),
(944, '100001', 'profit_sharing', 'Get 0.25 USD from ccc (Low)', '0.25', 'ccc', '1643882660'),
(945, '100001', 'profit_sharing', 'Get 0.12 USD from ccc (Low)', '0.12', 'ccc', '1643882660'),
(946, '100091', 'profit_sharing', 'Get 1.46 USD from Bang J (Low)', '1.46', 'Bang J', '1643882660'),
(947, '100001', 'profit_sharing', 'Get 0.88 USD from Bang J (Low)', '0.88', 'Bang J', '1643882660'),
(948, '100001', 'profit_sharing', 'Get 0.59 USD from Bang J (Low)', '0.59', 'Bang J', '1643882660'),
(949, '100001', 'profit_sharing', 'Get 0.59 USD from Bang J (Low)', '0.59', 'Bang J', '1643882660'),
(950, '100001', 'profit_sharing', 'Get 0.29 USD from Bang J (Low)', '0.29', 'Bang J', '1643882660'),
(951, '100095', 'profit_sharing', 'Get 0.3 USD from IDO (Low)', '0.3', 'IDO', '1643882660'),
(952, '100091', 'profit_sharing', 'Get 0.18 USD from IDO (Low)', '0.18', 'IDO', '1643882660'),
(953, '100001', 'profit_sharing', 'Get 0.12 USD from IDO (Low)', '0.12', 'IDO', '1643882660'),
(954, '100001', 'profit_sharing', 'Get 0.12 USD from IDO (Low)', '0.12', 'IDO', '1643882660'),
(955, '100001', 'profit_sharing', 'Get 0.06 USD from IDO (Low)', '0.06', 'IDO', '1643882660'),
(956, '100081', 'profit_sharing', 'Get 0.61 USD from aaa2 (Low)', '0.61', 'aaa2', '1643882660'),
(957, '100079', 'profit_sharing', 'Get 0.37 USD from aaa2 (Low)', '0.37', 'aaa2', '1643882660'),
(958, '100001', 'profit_sharing', 'Get 0.25 USD from aaa2 (Low)', '0.25', 'aaa2', '1643882660'),
(959, '100001', 'profit_sharing', 'Get 0.25 USD from aaa2 (Low)', '0.25', 'aaa2', '1643882660'),
(960, '100001', 'profit_sharing', 'Get 0.12 USD from aaa2 (Low)', '0.12', 'aaa2', '1643882660'),
(961, '100146', 'deduct', 'Taking balance from trading account', '1103', 'Low Account', '1644038521'),
(962, '100146', 'add', 'Adding balance from trading account', '1103', 'High Account', '1644038536'),
(963, '100159', 'add', 'Adding balance from trading account', '49.50', 'High Account', '1644082140'),
(964, '100113', 'deduct', 'Taking balance from trading account', '414', 'High Account', '1644318111'),
(965, '100113', 'add', 'Adding balance from trading account', '350', 'High Account', '1644324013'),
(966, '100113', 'add', 'Adding balance from trading account', '10', 'High Account', '1644324037'),
(967, '100001', 'profit_sharing', 'Get 63 USD from aaa (High)', '63', 'aaa', '1709172712'),
(968, '100001', 'profit_sharing', 'Get 37.8 USD from aaa (High)', '37.8', 'aaa', '1709172712'),
(969, '100001', 'profit_sharing', 'Get 25.2 USD from aaa (High)', '25.2', 'aaa', '1709172712'),
(970, '100001', 'profit_sharing', 'Get 25.2 USD from aaa (High)', '25.2', 'aaa', '1709172712'),
(971, '100001', 'profit_sharing', 'Get 12.6 USD from aaa (High)', '12.6', 'aaa', '1709172712'),
(972, '100079', 'profit_sharing', 'Get 63 USD from bbb (High)', '63', 'bbb', '1709172712'),
(973, '100001', 'profit_sharing', 'Get 37.8 USD from bbb (High)', '37.8', 'bbb', '1709172712'),
(974, '100001', 'profit_sharing', 'Get 25.2 USD from bbb (High)', '25.2', 'bbb', '1709172712'),
(975, '100001', 'profit_sharing', 'Get 25.2 USD from bbb (High)', '25.2', 'bbb', '1709172712'),
(976, '100001', 'profit_sharing', 'Get 12.6 USD from bbb (High)', '12.6', 'bbb', '1709172712'),
(977, '100080', 'profit_sharing', 'Get 63 USD from ccc (High)', '63', 'ccc', '1709172712'),
(978, '100079', 'profit_sharing', 'Get 37.8 USD from ccc (High)', '37.8', 'ccc', '1709172712'),
(979, '100001', 'profit_sharing', 'Get 25.2 USD from ccc (High)', '25.2', 'ccc', '1709172712'),
(980, '100001', 'profit_sharing', 'Get 25.2 USD from ccc (High)', '25.2', 'ccc', '1709172712'),
(981, '100001', 'profit_sharing', 'Get 12.6 USD from ccc (High)', '12.6', 'ccc', '1709172712'),
(982, '100079', 'profit_sharing', 'Get 63 USD from aaa1 (High)', '63', 'aaa1', '1709172712'),
(983, '100001', 'profit_sharing', 'Get 37.8 USD from aaa1 (High)', '37.8', 'aaa1', '1709172712'),
(984, '100001', 'profit_sharing', 'Get 25.2 USD from aaa1 (High)', '25.2', 'aaa1', '1709172712'),
(985, '100001', 'profit_sharing', 'Get 25.2 USD from aaa1 (High)', '25.2', 'aaa1', '1709172712'),
(986, '100001', 'profit_sharing', 'Get 12.6 USD from aaa1 (High)', '12.6', 'aaa1', '1709172712'),
(987, '100082', 'profit_sharing', 'Get 63 USD from ddd (High)', '63', 'ddd', '1709172712'),
(988, '100080', 'profit_sharing', 'Get 37.8 USD from ddd (High)', '37.8', 'ddd', '1709172712'),
(989, '100079', 'profit_sharing', 'Get 25.2 USD from ddd (High)', '25.2', 'ddd', '1709172712'),
(990, '100001', 'profit_sharing', 'Get 25.2 USD from ddd (High)', '25.2', 'ddd', '1709172712'),
(991, '100001', 'profit_sharing', 'Get 12.6 USD from ddd (High)', '12.6', 'ddd', '1709172712'),
(992, '100081', 'profit_sharing', 'Get 63 USD from aaa2 (High)', '63', 'aaa2', '1709172712'),
(993, '100079', 'profit_sharing', 'Get 37.8 USD from aaa2 (High)', '37.8', 'aaa2', '1709172712'),
(994, '100001', 'profit_sharing', 'Get 25.2 USD from aaa2 (High)', '25.2', 'aaa2', '1709172712'),
(995, '100001', 'profit_sharing', 'Get 25.2 USD from aaa2 (High)', '25.2', 'aaa2', '1709172712'),
(996, '100001', 'profit_sharing', 'Get 12.6 USD from aaa2 (High)', '12.6', 'aaa2', '1709172712'),
(997, '100083', 'profit_sharing', 'Get 63 USD from eee (High)', '63', 'eee', '1709172712');
INSERT INTO `history` (`id`, `uid`, `type`, `description`, `amount`, `from`, `date`) VALUES
(998, '100082', 'profit_sharing', 'Get 37.8 USD from eee (High)', '37.8', 'eee', '1709172712'),
(999, '100080', 'profit_sharing', 'Get 25.2 USD from eee (High)', '25.2', 'eee', '1709172712'),
(1000, '100079', 'profit_sharing', 'Get 25.2 USD from eee (High)', '25.2', 'eee', '1709172712'),
(1001, '100001', 'profit_sharing', 'Get 12.6 USD from eee (High)', '12.6', 'eee', '1709172712'),
(1002, '100084', 'profit_sharing', 'Get 63 USD from aaa3 (High)', '63', 'aaa3', '1709172712'),
(1003, '100081', 'profit_sharing', 'Get 37.8 USD from aaa3 (High)', '37.8', 'aaa3', '1709172712'),
(1004, '100079', 'profit_sharing', 'Get 25.2 USD from aaa3 (High)', '25.2', 'aaa3', '1709172712'),
(1005, '100001', 'profit_sharing', 'Get 25.2 USD from aaa3 (High)', '25.2', 'aaa3', '1709172712'),
(1006, '100001', 'profit_sharing', 'Get 12.6 USD from aaa3 (High)', '12.6', 'aaa3', '1709172712'),
(1007, '100085', 'profit_sharing', 'Get 63 USD from fff (High)', '63', 'fff', '1709172712'),
(1008, '100083', 'profit_sharing', 'Get 37.8 USD from fff (High)', '37.8', 'fff', '1709172712'),
(1009, '100082', 'profit_sharing', 'Get 25.2 USD from fff (High)', '25.2', 'fff', '1709172712'),
(1010, '100080', 'profit_sharing', 'Get 25.2 USD from fff (High)', '25.2', 'fff', '1709172712'),
(1011, '100079', 'profit_sharing', 'Get 12.6 USD from fff (High)', '12.6', 'fff', '1709172712'),
(1012, '100086', 'profit_sharing', 'Get 63 USD from aaa4 (High)', '63', 'aaa4', '1709172712'),
(1013, '100084', 'profit_sharing', 'Get 37.8 USD from aaa4 (High)', '37.8', 'aaa4', '1709172712'),
(1014, '100081', 'profit_sharing', 'Get 25.2 USD from aaa4 (High)', '25.2', 'aaa4', '1709172712'),
(1015, '100079', 'profit_sharing', 'Get 25.2 USD from aaa4 (High)', '25.2', 'aaa4', '1709172712'),
(1016, '100001', 'profit_sharing', 'Get 12.6 USD from aaa4 (High)', '12.6', 'aaa4', '1709172712'),
(1017, '100088', 'profit_sharing', 'Get 63 USD from aaa5 (High)', '63', 'aaa5', '1709172712'),
(1018, '100086', 'profit_sharing', 'Get 37.8 USD from aaa5 (High)', '37.8', 'aaa5', '1709172712'),
(1019, '100084', 'profit_sharing', 'Get 25.2 USD from aaa5 (High)', '25.2', 'aaa5', '1709172712'),
(1020, '100081', 'profit_sharing', 'Get 25.2 USD from aaa5 (High)', '25.2', 'aaa5', '1709172712'),
(1021, '100079', 'profit_sharing', 'Get 12.6 USD from aaa5 (High)', '12.6', 'aaa5', '1709172712'),
(1022, '100089', 'profit_sharing', 'Get 63 USD from aaa6 (High)', '63', 'aaa6', '1709172712'),
(1023, '100088', 'profit_sharing', 'Get 37.8 USD from aaa6 (High)', '37.8', 'aaa6', '1709172712'),
(1024, '100086', 'profit_sharing', 'Get 25.2 USD from aaa6 (High)', '25.2', 'aaa6', '1709172712'),
(1025, '100084', 'profit_sharing', 'Get 25.2 USD from aaa6 (High)', '25.2', 'aaa6', '1709172712'),
(1026, '100081', 'profit_sharing', 'Get 12.6 USD from aaa6 (High)', '12.6', 'aaa6', '1709172712'),
(1027, '100001', 'profit_sharing', 'Get 754.5 USD from Kenzo (High)', '754.5', 'Kenzo', '1709172712'),
(1028, '100001', 'profit_sharing', 'Get 452.7 USD from Kenzo (High)', '452.7', 'Kenzo', '1709172712'),
(1029, '100001', 'profit_sharing', 'Get 301.8 USD from Kenzo (High)', '301.8', 'Kenzo', '1709172712'),
(1030, '100001', 'profit_sharing', 'Get 301.8 USD from Kenzo (High)', '301.8', 'Kenzo', '1709172712'),
(1031, '100001', 'profit_sharing', 'Get 150.9 USD from Kenzo (High)', '150.9', 'Kenzo', '1709172712'),
(1032, '100091', 'profit_sharing', 'Get 129.1 USD from thedrumerss@gmail.com (High)', '129.1', 'thedrumerss@gmail.com', '1709172712'),
(1033, '100001', 'profit_sharing', 'Get 77.46 USD from thedrumerss@gmail.com (High)', '77.46', 'thedrumerss@gmail.com', '1709172712'),
(1034, '100001', 'profit_sharing', 'Get 51.64 USD from thedrumerss@gmail.com (High)', '51.64', 'thedrumerss@gmail.com', '1709172712'),
(1035, '100001', 'profit_sharing', 'Get 51.64 USD from thedrumerss@gmail.com (High)', '51.64', 'thedrumerss@gmail.com', '1709172712'),
(1036, '100001', 'profit_sharing', 'Get 25.82 USD from thedrumerss@gmail.com (High)', '25.82', 'thedrumerss@gmail.com', '1709172712'),
(1037, '100091', 'profit_sharing', 'Get 282.8 USD from kenny.ava (High)', '282.8', 'kenny.ava', '1709172712'),
(1038, '100001', 'profit_sharing', 'Get 169.68 USD from kenny.ava (High)', '169.68', 'kenny.ava', '1709172712'),
(1039, '100001', 'profit_sharing', 'Get 113.12 USD from kenny.ava (High)', '113.12', 'kenny.ava', '1709172712'),
(1040, '100001', 'profit_sharing', 'Get 113.12 USD from kenny.ava (High)', '113.12', 'kenny.ava', '1709172712'),
(1041, '100001', 'profit_sharing', 'Get 56.56 USD from kenny.ava (High)', '56.56', 'kenny.ava', '1709172712'),
(1042, '100091', 'profit_sharing', 'Get 103.4 USD from Mas E (High)', '103.4', 'Mas E', '1709172713'),
(1043, '100001', 'profit_sharing', 'Get 62.04 USD from Mas E (High)', '62.04', 'Mas E', '1709172713'),
(1044, '100001', 'profit_sharing', 'Get 41.36 USD from Mas E (High)', '41.36', 'Mas E', '1709172713'),
(1045, '100001', 'profit_sharing', 'Get 41.36 USD from Mas E (High)', '41.36', 'Mas E', '1709172713'),
(1046, '100001', 'profit_sharing', 'Get 20.68 USD from Mas E (High)', '20.68', 'Mas E', '1709172713'),
(1047, '100091', 'profit_sharing', 'Get 103.4 USD from rifkydans (High)', '103.4', 'rifkydans', '1709172713'),
(1048, '100001', 'profit_sharing', 'Get 62.04 USD from rifkydans (High)', '62.04', 'rifkydans', '1709172713'),
(1049, '100001', 'profit_sharing', 'Get 41.36 USD from rifkydans (High)', '41.36', 'rifkydans', '1709172713'),
(1050, '100001', 'profit_sharing', 'Get 41.36 USD from rifkydans (High)', '41.36', 'rifkydans', '1709172713'),
(1051, '100001', 'profit_sharing', 'Get 20.68 USD from rifkydans (High)', '20.68', 'rifkydans', '1709172713'),
(1052, '100095', 'profit_sharing', 'Get 180.9 USD from IDO (High)', '180.9', 'IDO', '1709172713'),
(1053, '100091', 'profit_sharing', 'Get 108.54 USD from IDO (High)', '108.54', 'IDO', '1709172713'),
(1054, '100001', 'profit_sharing', 'Get 72.36 USD from IDO (High)', '72.36', 'IDO', '1709172713'),
(1055, '100001', 'profit_sharing', 'Get 72.36 USD from IDO (High)', '72.36', 'IDO', '1709172713'),
(1056, '100001', 'profit_sharing', 'Get 36.18 USD from IDO (High)', '36.18', 'IDO', '1709172713'),
(1057, '100091', 'profit_sharing', 'Get 149.9 USD from HOKYTRADE22 (High)', '149.9', 'HOKYTRADE22', '1709172713'),
(1058, '100001', 'profit_sharing', 'Get 89.94 USD from HOKYTRADE22 (High)', '89.94', 'HOKYTRADE22', '1709172713'),
(1059, '100001', 'profit_sharing', 'Get 59.96 USD from HOKYTRADE22 (High)', '59.96', 'HOKYTRADE22', '1709172713'),
(1060, '100001', 'profit_sharing', 'Get 59.96 USD from HOKYTRADE22 (High)', '59.96', 'HOKYTRADE22', '1709172713'),
(1061, '100001', 'profit_sharing', 'Get 29.98 USD from HOKYTRADE22 (High)', '29.98', 'HOKYTRADE22', '1709172713'),
(1062, '100091', 'profit_sharing', 'Get 281.6 USD from Perikecil26 (High)', '281.6', 'Perikecil26', '1709172713'),
(1063, '100001', 'profit_sharing', 'Get 168.96 USD from Perikecil26 (High)', '168.96', 'Perikecil26', '1709172713'),
(1064, '100001', 'profit_sharing', 'Get 112.64 USD from Perikecil26 (High)', '112.64', 'Perikecil26', '1709172713'),
(1065, '100001', 'profit_sharing', 'Get 112.64 USD from Perikecil26 (High)', '112.64', 'Perikecil26', '1709172713'),
(1066, '100001', 'profit_sharing', 'Get 56.32 USD from Perikecil26 (High)', '56.32', 'Perikecil26', '1709172713'),
(1067, '100094', 'profit_sharing', 'Get 5.3 USD from Hanafimalik (High)', '5.3', 'Hanafimalik', '1709172713'),
(1068, '100091', 'profit_sharing', 'Get 3.18 USD from Hanafimalik (High)', '3.18', 'Hanafimalik', '1709172713'),
(1069, '100001', 'profit_sharing', 'Get 2.12 USD from Hanafimalik (High)', '2.12', 'Hanafimalik', '1709172713'),
(1070, '100001', 'profit_sharing', 'Get 2.12 USD from Hanafimalik (High)', '2.12', 'Hanafimalik', '1709172713'),
(1071, '100001', 'profit_sharing', 'Get 1.06 USD from Hanafimalik (High)', '1.06', 'Hanafimalik', '1709172713'),
(1072, '100091', 'profit_sharing', 'Get 49.55 USD from Natajaya01 (High)', '49.55', 'Natajaya01', '1709172713'),
(1073, '100001', 'profit_sharing', 'Get 29.73 USD from Natajaya01 (High)', '29.73', 'Natajaya01', '1709172713'),
(1074, '100001', 'profit_sharing', 'Get 19.82 USD from Natajaya01 (High)', '19.82', 'Natajaya01', '1709172713'),
(1075, '100001', 'profit_sharing', 'Get 19.82 USD from Natajaya01 (High)', '19.82', 'Natajaya01', '1709172713'),
(1076, '100001', 'profit_sharing', 'Get 9.91 USD from Natajaya01 (High)', '9.91', 'Natajaya01', '1709172713'),
(1077, '100091', 'profit_sharing', 'Get 125.5 USD from Bang J (High)', '125.5', 'Bang J', '1709172713'),
(1078, '100001', 'profit_sharing', 'Get 75.3 USD from Bang J (High)', '75.3', 'Bang J', '1709172713'),
(1079, '100001', 'profit_sharing', 'Get 50.2 USD from Bang J (High)', '50.2', 'Bang J', '1709172713'),
(1080, '100001', 'profit_sharing', 'Get 50.2 USD from Bang J (High)', '50.2', 'Bang J', '1709172713'),
(1081, '100001', 'profit_sharing', 'Get 25.1 USD from Bang J (High)', '25.1', 'Bang J', '1709172713'),
(1082, '100095', 'profit_sharing', 'Get 19.35 USD from rickyirawan (High)', '19.35', 'rickyirawan', '1709172713'),
(1083, '100091', 'profit_sharing', 'Get 11.61 USD from rickyirawan (High)', '11.61', 'rickyirawan', '1709172713'),
(1084, '100001', 'profit_sharing', 'Get 7.74 USD from rickyirawan (High)', '7.74', 'rickyirawan', '1709172713'),
(1085, '100001', 'profit_sharing', 'Get 7.74 USD from rickyirawan (High)', '7.74', 'rickyirawan', '1709172713'),
(1086, '100001', 'profit_sharing', 'Get 3.87 USD from rickyirawan (High)', '3.87', 'rickyirawan', '1709172713'),
(1087, '100095', 'profit_sharing', 'Get 2.6 USD from rinatyo (High)', '2.6', 'rinatyo', '1709172713'),
(1088, '100091', 'profit_sharing', 'Get 1.56 USD from rinatyo (High)', '1.56', 'rinatyo', '1709172713'),
(1089, '100001', 'profit_sharing', 'Get 1.04 USD from rinatyo (High)', '1.04', 'rinatyo', '1709172713'),
(1090, '100001', 'profit_sharing', 'Get 1.04 USD from rinatyo (High)', '1.04', 'rinatyo', '1709172713'),
(1091, '100001', 'profit_sharing', 'Get 0.52 USD from rinatyo (High)', '0.52', 'rinatyo', '1709172713'),
(1092, '100096', 'profit_sharing', 'Get 327.95 USD from Tuan Muda (High)', '327.95', 'Tuan Muda', '1709172713'),
(1093, '100095', 'profit_sharing', 'Get 196.77 USD from Tuan Muda (High)', '196.77', 'Tuan Muda', '1709172713'),
(1094, '100091', 'profit_sharing', 'Get 131.18 USD from Tuan Muda (High)', '131.18', 'Tuan Muda', '1709172713'),
(1095, '100001', 'profit_sharing', 'Get 131.18 USD from Tuan Muda (High)', '131.18', 'Tuan Muda', '1709172713'),
(1096, '100001', 'profit_sharing', 'Get 65.59 USD from Tuan Muda (High)', '65.59', 'Tuan Muda', '1709172713'),
(1097, '100095', 'profit_sharing', 'Get 14.05 USD from nisasya (High)', '14.05', 'nisasya', '1709172713'),
(1098, '100091', 'profit_sharing', 'Get 8.43 USD from nisasya (High)', '8.43', 'nisasya', '1709172713'),
(1099, '100001', 'profit_sharing', 'Get 5.62 USD from nisasya (High)', '5.62', 'nisasya', '1709172713'),
(1100, '100001', 'profit_sharing', 'Get 5.62 USD from nisasya (High)', '5.62', 'nisasya', '1709172713'),
(1101, '100001', 'profit_sharing', 'Get 2.81 USD from nisasya (High)', '2.81', 'nisasya', '1709172713'),
(1102, '100095', 'profit_sharing', 'Get 2.6 USD from alfimau (High)', '2.6', 'alfimau', '1709172713'),
(1103, '100091', 'profit_sharing', 'Get 1.56 USD from alfimau (High)', '1.56', 'alfimau', '1709172713'),
(1104, '100001', 'profit_sharing', 'Get 1.04 USD from alfimau (High)', '1.04', 'alfimau', '1709172713'),
(1105, '100001', 'profit_sharing', 'Get 1.04 USD from alfimau (High)', '1.04', 'alfimau', '1709172713'),
(1106, '100001', 'profit_sharing', 'Get 0.52 USD from alfimau (High)', '0.52', 'alfimau', '1709172713'),
(1107, '100092', 'profit_sharing', 'Get 5.15 USD from romet (High)', '5.15', 'romet', '1709172713'),
(1108, '100091', 'profit_sharing', 'Get 3.09 USD from romet (High)', '3.09', 'romet', '1709172713'),
(1109, '100001', 'profit_sharing', 'Get 2.06 USD from romet (High)', '2.06', 'romet', '1709172713'),
(1110, '100001', 'profit_sharing', 'Get 2.06 USD from romet (High)', '2.06', 'romet', '1709172713'),
(1111, '100001', 'profit_sharing', 'Get 1.03 USD from romet (High)', '1.03', 'romet', '1709172713'),
(1112, '100092', 'profit_sharing', 'Get 16.55 USD from obengsatu@gmail.com (High)', '16.55', 'obengsatu@gmail.com', '1709172713'),
(1113, '100091', 'profit_sharing', 'Get 9.93 USD from obengsatu@gmail.com (High)', '9.93', 'obengsatu@gmail.com', '1709172713'),
(1114, '100001', 'profit_sharing', 'Get 6.62 USD from obengsatu@gmail.com (High)', '6.62', 'obengsatu@gmail.com', '1709172713'),
(1115, '100001', 'profit_sharing', 'Get 6.62 USD from obengsatu@gmail.com (High)', '6.62', 'obengsatu@gmail.com', '1709172713'),
(1116, '100001', 'profit_sharing', 'Get 3.31 USD from obengsatu@gmail.com (High)', '3.31', 'obengsatu@gmail.com', '1709172713'),
(1117, '100092', 'profit_sharing', 'Get 18.05 USD from darrell.decoration@gmail.com (High)', '18.05', 'darrell.decoration@gmail.com', '1709172713'),
(1118, '100091', 'profit_sharing', 'Get 10.83 USD from darrell.decoration@gmail.com (High)', '10.83', 'darrell.decoration@gmail.com', '1709172713'),
(1119, '100001', 'profit_sharing', 'Get 7.22 USD from darrell.decoration@gmail.com (High)', '7.22', 'darrell.decoration@gmail.com', '1709172713'),
(1120, '100001', 'profit_sharing', 'Get 7.22 USD from darrell.decoration@gmail.com (High)', '7.22', 'darrell.decoration@gmail.com', '1709172713'),
(1121, '100001', 'profit_sharing', 'Get 3.61 USD from darrell.decoration@gmail.com (High)', '3.61', 'darrell.decoration@gmail.com', '1709172713'),
(1122, '100104', 'profit_sharing', 'Get 12.8 USD from N13 (High)', '12.8', 'N13', '1709172713'),
(1123, '100091', 'profit_sharing', 'Get 7.68 USD from N13 (High)', '7.68', 'N13', '1709172713'),
(1124, '100001', 'profit_sharing', 'Get 5.12 USD from N13 (High)', '5.12', 'N13', '1709172713'),
(1125, '100001', 'profit_sharing', 'Get 5.12 USD from N13 (High)', '5.12', 'N13', '1709172713'),
(1126, '100001', 'profit_sharing', 'Get 2.56 USD from N13 (High)', '2.56', 'N13', '1709172713'),
(1127, '100095', 'profit_sharing', 'Get 22.7 USD from okisaput (High)', '22.7', 'okisaput', '1709172713'),
(1128, '100091', 'profit_sharing', 'Get 13.62 USD from okisaput (High)', '13.62', 'okisaput', '1709172713'),
(1129, '100001', 'profit_sharing', 'Get 9.08 USD from okisaput (High)', '9.08', 'okisaput', '1709172713'),
(1130, '100001', 'profit_sharing', 'Get 9.08 USD from okisaput (High)', '9.08', 'okisaput', '1709172713'),
(1131, '100001', 'profit_sharing', 'Get 4.54 USD from okisaput (High)', '4.54', 'okisaput', '1709172713'),
(1132, '100093', 'profit_sharing', 'Get 55.15 USD from Miketob45 (High)', '55.15', 'Miketob45', '1709172713'),
(1133, '100091', 'profit_sharing', 'Get 33.09 USD from Miketob45 (High)', '33.09', 'Miketob45', '1709172713'),
(1134, '100001', 'profit_sharing', 'Get 22.06 USD from Miketob45 (High)', '22.06', 'Miketob45', '1709172713'),
(1135, '100001', 'profit_sharing', 'Get 22.06 USD from Miketob45 (High)', '22.06', 'Miketob45', '1709172713'),
(1136, '100001', 'profit_sharing', 'Get 11.03 USD from Miketob45 (High)', '11.03', 'Miketob45', '1709172713'),
(1137, '100001', 'add', 'Adding balance from trading account', '25', 'High Account', '1709173016'),
(1138, '100001', 'profit_sharing', 'Get 36.97 USD from aaa (High)', '36.97', 'aaa', '1709173100'),
(1139, '100001', 'profit_sharing', 'Get 22.18 USD from aaa (High)', '22.18', 'aaa', '1709173100'),
(1140, '100001', 'profit_sharing', 'Get 14.79 USD from aaa (High)', '14.79', 'aaa', '1709173100'),
(1141, '100001', 'profit_sharing', 'Get 14.79 USD from aaa (High)', '14.79', 'aaa', '1709173100'),
(1142, '100001', 'profit_sharing', 'Get 7.39 USD from aaa (High)', '7.39', 'aaa', '1709173100'),
(1143, '100079', 'profit_sharing', 'Get 36.97 USD from bbb (High)', '36.97', 'bbb', '1709173100'),
(1144, '100001', 'profit_sharing', 'Get 22.18 USD from bbb (High)', '22.18', 'bbb', '1709173100'),
(1145, '100001', 'profit_sharing', 'Get 14.79 USD from bbb (High)', '14.79', 'bbb', '1709173100'),
(1146, '100001', 'profit_sharing', 'Get 14.79 USD from bbb (High)', '14.79', 'bbb', '1709173100'),
(1147, '100001', 'profit_sharing', 'Get 7.39 USD from bbb (High)', '7.39', 'bbb', '1709173100'),
(1148, '100080', 'profit_sharing', 'Get 36.97 USD from ccc (High)', '36.97', 'ccc', '1709173100'),
(1149, '100079', 'profit_sharing', 'Get 22.18 USD from ccc (High)', '22.18', 'ccc', '1709173100'),
(1150, '100001', 'profit_sharing', 'Get 14.79 USD from ccc (High)', '14.79', 'ccc', '1709173100'),
(1151, '100001', 'profit_sharing', 'Get 14.79 USD from ccc (High)', '14.79', 'ccc', '1709173100'),
(1152, '100001', 'profit_sharing', 'Get 7.39 USD from ccc (High)', '7.39', 'ccc', '1709173100'),
(1153, '100079', 'profit_sharing', 'Get 36.97 USD from aaa1 (High)', '36.97', 'aaa1', '1709173100'),
(1154, '100001', 'profit_sharing', 'Get 22.18 USD from aaa1 (High)', '22.18', 'aaa1', '1709173100'),
(1155, '100001', 'profit_sharing', 'Get 14.79 USD from aaa1 (High)', '14.79', 'aaa1', '1709173100'),
(1156, '100001', 'profit_sharing', 'Get 14.79 USD from aaa1 (High)', '14.79', 'aaa1', '1709173100'),
(1157, '100001', 'profit_sharing', 'Get 7.39 USD from aaa1 (High)', '7.39', 'aaa1', '1709173100'),
(1158, '100082', 'profit_sharing', 'Get 36.97 USD from ddd (High)', '36.97', 'ddd', '1709173100'),
(1159, '100080', 'profit_sharing', 'Get 22.18 USD from ddd (High)', '22.18', 'ddd', '1709173100'),
(1160, '100079', 'profit_sharing', 'Get 14.79 USD from ddd (High)', '14.79', 'ddd', '1709173100'),
(1161, '100001', 'profit_sharing', 'Get 14.79 USD from ddd (High)', '14.79', 'ddd', '1709173100'),
(1162, '100001', 'profit_sharing', 'Get 7.39 USD from ddd (High)', '7.39', 'ddd', '1709173100'),
(1163, '100081', 'profit_sharing', 'Get 36.97 USD from aaa2 (High)', '36.97', 'aaa2', '1709173100'),
(1164, '100079', 'profit_sharing', 'Get 22.18 USD from aaa2 (High)', '22.18', 'aaa2', '1709173100'),
(1165, '100001', 'profit_sharing', 'Get 14.79 USD from aaa2 (High)', '14.79', 'aaa2', '1709173101'),
(1166, '100001', 'profit_sharing', 'Get 14.79 USD from aaa2 (High)', '14.79', 'aaa2', '1709173101'),
(1167, '100001', 'profit_sharing', 'Get 7.39 USD from aaa2 (High)', '7.39', 'aaa2', '1709173101'),
(1168, '100083', 'profit_sharing', 'Get 36.97 USD from eee (High)', '36.97', 'eee', '1709173101'),
(1169, '100082', 'profit_sharing', 'Get 22.18 USD from eee (High)', '22.18', 'eee', '1709173101'),
(1170, '100080', 'profit_sharing', 'Get 14.79 USD from eee (High)', '14.79', 'eee', '1709173101'),
(1171, '100079', 'profit_sharing', 'Get 14.79 USD from eee (High)', '14.79', 'eee', '1709173101'),
(1172, '100001', 'profit_sharing', 'Get 7.39 USD from eee (High)', '7.39', 'eee', '1709173101'),
(1173, '100084', 'profit_sharing', 'Get 36.97 USD from aaa3 (High)', '36.97', 'aaa3', '1709173101'),
(1174, '100081', 'profit_sharing', 'Get 22.18 USD from aaa3 (High)', '22.18', 'aaa3', '1709173101'),
(1175, '100079', 'profit_sharing', 'Get 14.79 USD from aaa3 (High)', '14.79', 'aaa3', '1709173101'),
(1176, '100001', 'profit_sharing', 'Get 14.79 USD from aaa3 (High)', '14.79', 'aaa3', '1709173101'),
(1177, '100001', 'profit_sharing', 'Get 7.39 USD from aaa3 (High)', '7.39', 'aaa3', '1709173101'),
(1178, '100085', 'profit_sharing', 'Get 36.97 USD from fff (High)', '36.97', 'fff', '1709173101'),
(1179, '100083', 'profit_sharing', 'Get 22.18 USD from fff (High)', '22.18', 'fff', '1709173101'),
(1180, '100082', 'profit_sharing', 'Get 14.79 USD from fff (High)', '14.79', 'fff', '1709173101'),
(1181, '100080', 'profit_sharing', 'Get 14.79 USD from fff (High)', '14.79', 'fff', '1709173101'),
(1182, '100079', 'profit_sharing', 'Get 7.39 USD from fff (High)', '7.39', 'fff', '1709173101'),
(1183, '100086', 'profit_sharing', 'Get 36.97 USD from aaa4 (High)', '36.97', 'aaa4', '1709173101'),
(1184, '100084', 'profit_sharing', 'Get 22.18 USD from aaa4 (High)', '22.18', 'aaa4', '1709173101'),
(1185, '100081', 'profit_sharing', 'Get 14.79 USD from aaa4 (High)', '14.79', 'aaa4', '1709173101'),
(1186, '100079', 'profit_sharing', 'Get 14.79 USD from aaa4 (High)', '14.79', 'aaa4', '1709173101'),
(1187, '100001', 'profit_sharing', 'Get 7.39 USD from aaa4 (High)', '7.39', 'aaa4', '1709173101'),
(1188, '100088', 'profit_sharing', 'Get 36.97 USD from aaa5 (High)', '36.97', 'aaa5', '1709173101'),
(1189, '100086', 'profit_sharing', 'Get 22.18 USD from aaa5 (High)', '22.18', 'aaa5', '1709173101'),
(1190, '100084', 'profit_sharing', 'Get 14.79 USD from aaa5 (High)', '14.79', 'aaa5', '1709173101'),
(1191, '100081', 'profit_sharing', 'Get 14.79 USD from aaa5 (High)', '14.79', 'aaa5', '1709173101'),
(1192, '100079', 'profit_sharing', 'Get 7.39 USD from aaa5 (High)', '7.39', 'aaa5', '1709173101'),
(1193, '100089', 'profit_sharing', 'Get 36.97 USD from aaa6 (High)', '36.97', 'aaa6', '1709173101'),
(1194, '100088', 'profit_sharing', 'Get 22.18 USD from aaa6 (High)', '22.18', 'aaa6', '1709173101'),
(1195, '100086', 'profit_sharing', 'Get 14.79 USD from aaa6 (High)', '14.79', 'aaa6', '1709173101'),
(1196, '100084', 'profit_sharing', 'Get 14.79 USD from aaa6 (High)', '14.79', 'aaa6', '1709173101'),
(1197, '100081', 'profit_sharing', 'Get 7.39 USD from aaa6 (High)', '7.39', 'aaa6', '1709173101'),
(1198, '100001', 'profit_sharing', 'Get 442.74 USD from Kenzo (High)', '442.74', 'Kenzo', '1709173101'),
(1199, '100001', 'profit_sharing', 'Get 265.64 USD from Kenzo (High)', '265.64', 'Kenzo', '1709173101'),
(1200, '100001', 'profit_sharing', 'Get 177.1 USD from Kenzo (High)', '177.1', 'Kenzo', '1709173101'),
(1201, '100001', 'profit_sharing', 'Get 177.1 USD from Kenzo (High)', '177.1', 'Kenzo', '1709173101'),
(1202, '100001', 'profit_sharing', 'Get 88.55 USD from Kenzo (High)', '88.55', 'Kenzo', '1709173101'),
(1203, '100091', 'profit_sharing', 'Get 75.76 USD from thedrumerss@gmail.com (High)', '75.76', 'thedrumerss@gmail.com', '1709173101'),
(1204, '100001', 'profit_sharing', 'Get 45.46 USD from thedrumerss@gmail.com (High)', '45.46', 'thedrumerss@gmail.com', '1709173101'),
(1205, '100001', 'profit_sharing', 'Get 30.31 USD from thedrumerss@gmail.com (High)', '30.31', 'thedrumerss@gmail.com', '1709173101'),
(1206, '100001', 'profit_sharing', 'Get 30.31 USD from thedrumerss@gmail.com (High)', '30.31', 'thedrumerss@gmail.com', '1709173101'),
(1207, '100001', 'profit_sharing', 'Get 15.15 USD from thedrumerss@gmail.com (High)', '15.15', 'thedrumerss@gmail.com', '1709173101'),
(1208, '100091', 'profit_sharing', 'Get 165.95 USD from kenny.ava (High)', '165.95', 'kenny.ava', '1709173101'),
(1209, '100001', 'profit_sharing', 'Get 99.57 USD from kenny.ava (High)', '99.57', 'kenny.ava', '1709173101'),
(1210, '100001', 'profit_sharing', 'Get 66.38 USD from kenny.ava (High)', '66.38', 'kenny.ava', '1709173101'),
(1211, '100001', 'profit_sharing', 'Get 66.38 USD from kenny.ava (High)', '66.38', 'kenny.ava', '1709173101'),
(1212, '100001', 'profit_sharing', 'Get 33.19 USD from kenny.ava (High)', '33.19', 'kenny.ava', '1709173101'),
(1213, '100091', 'profit_sharing', 'Get 60.67 USD from Mas E (High)', '60.67', 'Mas E', '1709173101'),
(1214, '100001', 'profit_sharing', 'Get 36.4 USD from Mas E (High)', '36.4', 'Mas E', '1709173101'),
(1215, '100001', 'profit_sharing', 'Get 24.27 USD from Mas E (High)', '24.27', 'Mas E', '1709173101'),
(1216, '100001', 'profit_sharing', 'Get 24.27 USD from Mas E (High)', '24.27', 'Mas E', '1709173101'),
(1217, '100001', 'profit_sharing', 'Get 12.13 USD from Mas E (High)', '12.13', 'Mas E', '1709173101'),
(1218, '100091', 'profit_sharing', 'Get 60.67 USD from rifkydans (High)', '60.67', 'rifkydans', '1709173101'),
(1219, '100001', 'profit_sharing', 'Get 36.4 USD from rifkydans (High)', '36.4', 'rifkydans', '1709173101'),
(1220, '100001', 'profit_sharing', 'Get 24.27 USD from rifkydans (High)', '24.27', 'rifkydans', '1709173101'),
(1221, '100001', 'profit_sharing', 'Get 24.27 USD from rifkydans (High)', '24.27', 'rifkydans', '1709173101'),
(1222, '100001', 'profit_sharing', 'Get 12.13 USD from rifkydans (High)', '12.13', 'rifkydans', '1709173101'),
(1223, '100095', 'profit_sharing', 'Get 106.16 USD from IDO (High)', '106.16', 'IDO', '1709173101'),
(1224, '100091', 'profit_sharing', 'Get 63.7 USD from IDO (High)', '63.7', 'IDO', '1709173101'),
(1225, '100001', 'profit_sharing', 'Get 42.46 USD from IDO (High)', '42.46', 'IDO', '1709173101'),
(1226, '100001', 'profit_sharing', 'Get 42.46 USD from IDO (High)', '42.46', 'IDO', '1709173101'),
(1227, '100001', 'profit_sharing', 'Get 21.23 USD from IDO (High)', '21.23', 'IDO', '1709173101'),
(1228, '100091', 'profit_sharing', 'Get 87.96 USD from HOKYTRADE22 (High)', '87.96', 'HOKYTRADE22', '1709173101'),
(1229, '100001', 'profit_sharing', 'Get 52.77 USD from HOKYTRADE22 (High)', '52.77', 'HOKYTRADE22', '1709173101'),
(1230, '100001', 'profit_sharing', 'Get 35.18 USD from HOKYTRADE22 (High)', '35.18', 'HOKYTRADE22', '1709173101'),
(1231, '100001', 'profit_sharing', 'Get 35.18 USD from HOKYTRADE22 (High)', '35.18', 'HOKYTRADE22', '1709173101'),
(1232, '100001', 'profit_sharing', 'Get 17.59 USD from HOKYTRADE22 (High)', '17.59', 'HOKYTRADE22', '1709173101'),
(1233, '100091', 'profit_sharing', 'Get 165.23 USD from Perikecil26 (High)', '165.23', 'Perikecil26', '1709173101'),
(1234, '100001', 'profit_sharing', 'Get 99.14 USD from Perikecil26 (High)', '99.14', 'Perikecil26', '1709173101'),
(1235, '100001', 'profit_sharing', 'Get 66.09 USD from Perikecil26 (High)', '66.09', 'Perikecil26', '1709173101'),
(1236, '100001', 'profit_sharing', 'Get 66.09 USD from Perikecil26 (High)', '66.09', 'Perikecil26', '1709173101'),
(1237, '100001', 'profit_sharing', 'Get 33.05 USD from Perikecil26 (High)', '33.05', 'Perikecil26', '1709173101'),
(1238, '100094', 'profit_sharing', 'Get 3.11 USD from Hanafimalik (High)', '3.11', 'Hanafimalik', '1709173101'),
(1239, '100091', 'profit_sharing', 'Get 1.87 USD from Hanafimalik (High)', '1.87', 'Hanafimalik', '1709173101'),
(1240, '100001', 'profit_sharing', 'Get 1.25 USD from Hanafimalik (High)', '1.25', 'Hanafimalik', '1709173101'),
(1241, '100001', 'profit_sharing', 'Get 1.25 USD from Hanafimalik (High)', '1.25', 'Hanafimalik', '1709173101'),
(1242, '100001', 'profit_sharing', 'Get 0.62 USD from Hanafimalik (High)', '0.62', 'Hanafimalik', '1709173101'),
(1243, '100091', 'profit_sharing', 'Get 29.06 USD from Natajaya01 (High)', '29.06', 'Natajaya01', '1709173101'),
(1244, '100001', 'profit_sharing', 'Get 17.44 USD from Natajaya01 (High)', '17.44', 'Natajaya01', '1709173101'),
(1245, '100001', 'profit_sharing', 'Get 11.63 USD from Natajaya01 (High)', '11.63', 'Natajaya01', '1709173101'),
(1246, '100001', 'profit_sharing', 'Get 11.63 USD from Natajaya01 (High)', '11.63', 'Natajaya01', '1709173101'),
(1247, '100001', 'profit_sharing', 'Get 5.81 USD from Natajaya01 (High)', '5.81', 'Natajaya01', '1709173101'),
(1248, '100091', 'profit_sharing', 'Get 73.64 USD from Bang J (High)', '73.64', 'Bang J', '1709173101'),
(1249, '100001', 'profit_sharing', 'Get 44.19 USD from Bang J (High)', '44.19', 'Bang J', '1709173101'),
(1250, '100001', 'profit_sharing', 'Get 29.46 USD from Bang J (High)', '29.46', 'Bang J', '1709173101'),
(1251, '100001', 'profit_sharing', 'Get 29.46 USD from Bang J (High)', '29.46', 'Bang J', '1709173101'),
(1252, '100001', 'profit_sharing', 'Get 14.73 USD from Bang J (High)', '14.73', 'Bang J', '1709173101'),
(1253, '100095', 'profit_sharing', 'Get 11.35 USD from rickyirawan (High)', '11.35', 'rickyirawan', '1709173101'),
(1254, '100091', 'profit_sharing', 'Get 6.81 USD from rickyirawan (High)', '6.81', 'rickyirawan', '1709173101'),
(1255, '100001', 'profit_sharing', 'Get 4.54 USD from rickyirawan (High)', '4.54', 'rickyirawan', '1709173101'),
(1256, '100001', 'profit_sharing', 'Get 4.54 USD from rickyirawan (High)', '4.54', 'rickyirawan', '1709173101'),
(1257, '100001', 'profit_sharing', 'Get 2.27 USD from rickyirawan (High)', '2.27', 'rickyirawan', '1709173101'),
(1258, '100095', 'profit_sharing', 'Get 1.52 USD from rinatyo (High)', '1.52', 'rinatyo', '1709173101'),
(1259, '100091', 'profit_sharing', 'Get 0.91 USD from rinatyo (High)', '0.91', 'rinatyo', '1709173101'),
(1260, '100001', 'profit_sharing', 'Get 0.61 USD from rinatyo (High)', '0.61', 'rinatyo', '1709173101'),
(1261, '100001', 'profit_sharing', 'Get 0.61 USD from rinatyo (High)', '0.61', 'rinatyo', '1709173101'),
(1262, '100001', 'profit_sharing', 'Get 0.3 USD from rinatyo (High)', '0.3', 'rinatyo', '1709173101'),
(1263, '100096', 'profit_sharing', 'Get 192.45 USD from Tuan Muda (High)', '192.45', 'Tuan Muda', '1709173101'),
(1264, '100095', 'profit_sharing', 'Get 115.47 USD from Tuan Muda (High)', '115.47', 'Tuan Muda', '1709173101'),
(1265, '100091', 'profit_sharing', 'Get 76.98 USD from Tuan Muda (High)', '76.98', 'Tuan Muda', '1709173101'),
(1266, '100001', 'profit_sharing', 'Get 76.98 USD from Tuan Muda (High)', '76.98', 'Tuan Muda', '1709173101'),
(1267, '100001', 'profit_sharing', 'Get 38.49 USD from Tuan Muda (High)', '38.49', 'Tuan Muda', '1709173101'),
(1268, '100095', 'profit_sharing', 'Get 8.25 USD from nisasya (High)', '8.25', 'nisasya', '1709173101'),
(1269, '100091', 'profit_sharing', 'Get 4.95 USD from nisasya (High)', '4.95', 'nisasya', '1709173101'),
(1270, '100001', 'profit_sharing', 'Get 3.3 USD from nisasya (High)', '3.3', 'nisasya', '1709173101'),
(1271, '100001', 'profit_sharing', 'Get 3.3 USD from nisasya (High)', '3.3', 'nisasya', '1709173101'),
(1272, '100001', 'profit_sharing', 'Get 1.65 USD from nisasya (High)', '1.65', 'nisasya', '1709173101'),
(1273, '100095', 'profit_sharing', 'Get 1.52 USD from alfimau (High)', '1.52', 'alfimau', '1709173101'),
(1274, '100091', 'profit_sharing', 'Get 0.91 USD from alfimau (High)', '0.91', 'alfimau', '1709173101'),
(1275, '100001', 'profit_sharing', 'Get 0.61 USD from alfimau (High)', '0.61', 'alfimau', '1709173101'),
(1276, '100001', 'profit_sharing', 'Get 0.61 USD from alfimau (High)', '0.61', 'alfimau', '1709173101'),
(1277, '100001', 'profit_sharing', 'Get 0.3 USD from alfimau (High)', '0.3', 'alfimau', '1709173101'),
(1278, '100092', 'profit_sharing', 'Get 3.03 USD from romet (High)', '3.03', 'romet', '1709173101'),
(1279, '100091', 'profit_sharing', 'Get 1.82 USD from romet (High)', '1.82', 'romet', '1709173101'),
(1280, '100001', 'profit_sharing', 'Get 1.21 USD from romet (High)', '1.21', 'romet', '1709173101'),
(1281, '100001', 'profit_sharing', 'Get 1.21 USD from romet (High)', '1.21', 'romet', '1709173101'),
(1282, '100001', 'profit_sharing', 'Get 0.61 USD from romet (High)', '0.61', 'romet', '1709173101'),
(1283, '100092', 'profit_sharing', 'Get 9.72 USD from obengsatu@gmail.com (High)', '9.72', 'obengsatu@gmail.com', '1709173101'),
(1284, '100091', 'profit_sharing', 'Get 5.83 USD from obengsatu@gmail.com (High)', '5.83', 'obengsatu@gmail.com', '1709173101'),
(1285, '100001', 'profit_sharing', 'Get 3.89 USD from obengsatu@gmail.com (High)', '3.89', 'obengsatu@gmail.com', '1709173101'),
(1286, '100001', 'profit_sharing', 'Get 3.89 USD from obengsatu@gmail.com (High)', '3.89', 'obengsatu@gmail.com', '1709173101'),
(1287, '100001', 'profit_sharing', 'Get 1.94 USD from obengsatu@gmail.com (High)', '1.94', 'obengsatu@gmail.com', '1709173101'),
(1288, '100092', 'profit_sharing', 'Get 10.58 USD from darrell.decoration@gmail.com (High)', '10.58', 'darrell.decoration@gmail.com', '1709173101'),
(1289, '100091', 'profit_sharing', 'Get 6.35 USD from darrell.decoration@gmail.com (High)', '6.35', 'darrell.decoration@gmail.com', '1709173101'),
(1290, '100001', 'profit_sharing', 'Get 4.23 USD from darrell.decoration@gmail.com (High)', '4.23', 'darrell.decoration@gmail.com', '1709173101'),
(1291, '100001', 'profit_sharing', 'Get 4.23 USD from darrell.decoration@gmail.com (High)', '4.23', 'darrell.decoration@gmail.com', '1709173101'),
(1292, '100001', 'profit_sharing', 'Get 2.12 USD from darrell.decoration@gmail.com (High)', '2.12', 'darrell.decoration@gmail.com', '1709173101'),
(1293, '100104', 'profit_sharing', 'Get 7.51 USD from N13 (High)', '7.51', 'N13', '1709173101'),
(1294, '100091', 'profit_sharing', 'Get 4.51 USD from N13 (High)', '4.51', 'N13', '1709173101'),
(1295, '100001', 'profit_sharing', 'Get 3.01 USD from N13 (High)', '3.01', 'N13', '1709173101'),
(1296, '100001', 'profit_sharing', 'Get 3.01 USD from N13 (High)', '3.01', 'N13', '1709173101'),
(1297, '100001', 'profit_sharing', 'Get 1.5 USD from N13 (High)', '1.5', 'N13', '1709173101'),
(1298, '100095', 'profit_sharing', 'Get 13.32 USD from okisaput (High)', '13.32', 'okisaput', '1709173101'),
(1299, '100091', 'profit_sharing', 'Get 7.99 USD from okisaput (High)', '7.99', 'okisaput', '1709173101'),
(1300, '100001', 'profit_sharing', 'Get 5.33 USD from okisaput (High)', '5.33', 'okisaput', '1709173101'),
(1301, '100001', 'profit_sharing', 'Get 5.33 USD from okisaput (High)', '5.33', 'okisaput', '1709173102'),
(1302, '100001', 'profit_sharing', 'Get 2.66 USD from okisaput (High)', '2.66', 'okisaput', '1709173102'),
(1303, '100093', 'profit_sharing', 'Get 32.36 USD from Miketob45 (High)', '32.36', 'Miketob45', '1709173102'),
(1304, '100091', 'profit_sharing', 'Get 19.41 USD from Miketob45 (High)', '19.41', 'Miketob45', '1709173102'),
(1305, '100001', 'profit_sharing', 'Get 12.94 USD from Miketob45 (High)', '12.94', 'Miketob45', '1709173102'),
(1306, '100001', 'profit_sharing', 'Get 12.94 USD from Miketob45 (High)', '12.94', 'Miketob45', '1709173102'),
(1307, '100001', 'profit_sharing', 'Get 6.47 USD from Miketob45 (High)', '6.47', 'Miketob45', '1709173102'),
(1308, '100001', 'profit_sharing', 'Get 0.21 USD from aaa (Low)', '0.21', 'aaa', '1709173102'),
(1309, '100001', 'profit_sharing', 'Get 0.13 USD from aaa (Low)', '0.13', 'aaa', '1709173102'),
(1310, '100001', 'profit_sharing', 'Get 0.08 USD from aaa (Low)', '0.08', 'aaa', '1709173102'),
(1311, '100001', 'profit_sharing', 'Get 0.08 USD from aaa (Low)', '0.08', 'aaa', '1709173102'),
(1312, '100001', 'profit_sharing', 'Get 0.04 USD from aaa (Low)', '0.04', 'aaa', '1709173102'),
(1313, '100079', 'profit_sharing', 'Get 0.21 USD from bbb (Low)', '0.21', 'bbb', '1709173102'),
(1314, '100001', 'profit_sharing', 'Get 0.13 USD from bbb (Low)', '0.13', 'bbb', '1709173102'),
(1315, '100001', 'profit_sharing', 'Get 0.08 USD from bbb (Low)', '0.08', 'bbb', '1709173102'),
(1316, '100001', 'profit_sharing', 'Get 0.08 USD from bbb (Low)', '0.08', 'bbb', '1709173102'),
(1317, '100001', 'profit_sharing', 'Get 0.04 USD from bbb (Low)', '0.04', 'bbb', '1709173102'),
(1318, '100080', 'profit_sharing', 'Get 0.21 USD from ccc (Low)', '0.21', 'ccc', '1709173102'),
(1319, '100079', 'profit_sharing', 'Get 0.13 USD from ccc (Low)', '0.13', 'ccc', '1709173102'),
(1320, '100001', 'profit_sharing', 'Get 0.08 USD from ccc (Low)', '0.08', 'ccc', '1709173102'),
(1321, '100001', 'profit_sharing', 'Get 0.08 USD from ccc (Low)', '0.08', 'ccc', '1709173102'),
(1322, '100001', 'profit_sharing', 'Get 0.04 USD from ccc (Low)', '0.04', 'ccc', '1709173102'),
(1323, '100079', 'profit_sharing', 'Get 0.21 USD from aaa1 (Low)', '0.21', 'aaa1', '1709173102'),
(1324, '100001', 'profit_sharing', 'Get 0.13 USD from aaa1 (Low)', '0.13', 'aaa1', '1709173102'),
(1325, '100001', 'profit_sharing', 'Get 0.08 USD from aaa1 (Low)', '0.08', 'aaa1', '1709173102'),
(1326, '100001', 'profit_sharing', 'Get 0.08 USD from aaa1 (Low)', '0.08', 'aaa1', '1709173102'),
(1327, '100001', 'profit_sharing', 'Get 0.04 USD from aaa1 (Low)', '0.04', 'aaa1', '1709173102'),
(1328, '100082', 'profit_sharing', 'Get 0.21 USD from ddd (Low)', '0.21', 'ddd', '1709173102'),
(1329, '100080', 'profit_sharing', 'Get 0.13 USD from ddd (Low)', '0.13', 'ddd', '1709173102'),
(1330, '100079', 'profit_sharing', 'Get 0.08 USD from ddd (Low)', '0.08', 'ddd', '1709173102'),
(1331, '100001', 'profit_sharing', 'Get 0.08 USD from ddd (Low)', '0.08', 'ddd', '1709173102'),
(1332, '100001', 'profit_sharing', 'Get 0.04 USD from ddd (Low)', '0.04', 'ddd', '1709173102'),
(1333, '100081', 'profit_sharing', 'Get 0.21 USD from aaa2 (Low)', '0.21', 'aaa2', '1709173102'),
(1334, '100079', 'profit_sharing', 'Get 0.13 USD from aaa2 (Low)', '0.13', 'aaa2', '1709173102'),
(1335, '100001', 'profit_sharing', 'Get 0.08 USD from aaa2 (Low)', '0.08', 'aaa2', '1709173102'),
(1336, '100001', 'profit_sharing', 'Get 0.08 USD from aaa2 (Low)', '0.08', 'aaa2', '1709173102'),
(1337, '100001', 'profit_sharing', 'Get 0.04 USD from aaa2 (Low)', '0.04', 'aaa2', '1709173102'),
(1338, '100083', 'profit_sharing', 'Get 0.21 USD from eee (Low)', '0.21', 'eee', '1709173102'),
(1339, '100082', 'profit_sharing', 'Get 0.13 USD from eee (Low)', '0.13', 'eee', '1709173102'),
(1340, '100080', 'profit_sharing', 'Get 0.08 USD from eee (Low)', '0.08', 'eee', '1709173102'),
(1341, '100079', 'profit_sharing', 'Get 0.08 USD from eee (Low)', '0.08', 'eee', '1709173102'),
(1342, '100001', 'profit_sharing', 'Get 0.04 USD from eee (Low)', '0.04', 'eee', '1709173102'),
(1343, '100084', 'profit_sharing', 'Get 0.21 USD from aaa3 (Low)', '0.21', 'aaa3', '1709173102'),
(1344, '100081', 'profit_sharing', 'Get 0.13 USD from aaa3 (Low)', '0.13', 'aaa3', '1709173102'),
(1345, '100079', 'profit_sharing', 'Get 0.08 USD from aaa3 (Low)', '0.08', 'aaa3', '1709173102'),
(1346, '100001', 'profit_sharing', 'Get 0.08 USD from aaa3 (Low)', '0.08', 'aaa3', '1709173102'),
(1347, '100001', 'profit_sharing', 'Get 0.04 USD from aaa3 (Low)', '0.04', 'aaa3', '1709173102'),
(1348, '100085', 'profit_sharing', 'Get 0.21 USD from fff (Low)', '0.21', 'fff', '1709173102'),
(1349, '100083', 'profit_sharing', 'Get 0.13 USD from fff (Low)', '0.13', 'fff', '1709173102'),
(1350, '100082', 'profit_sharing', 'Get 0.08 USD from fff (Low)', '0.08', 'fff', '1709173102'),
(1351, '100080', 'profit_sharing', 'Get 0.08 USD from fff (Low)', '0.08', 'fff', '1709173102'),
(1352, '100079', 'profit_sharing', 'Get 0.04 USD from fff (Low)', '0.04', 'fff', '1709173102'),
(1353, '100086', 'profit_sharing', 'Get 0.21 USD from aaa4 (Low)', '0.21', 'aaa4', '1709173102'),
(1354, '100084', 'profit_sharing', 'Get 0.13 USD from aaa4 (Low)', '0.13', 'aaa4', '1709173102'),
(1355, '100081', 'profit_sharing', 'Get 0.08 USD from aaa4 (Low)', '0.08', 'aaa4', '1709173102'),
(1356, '100079', 'profit_sharing', 'Get 0.08 USD from aaa4 (Low)', '0.08', 'aaa4', '1709173102'),
(1357, '100001', 'profit_sharing', 'Get 0.04 USD from aaa4 (Low)', '0.04', 'aaa4', '1709173102'),
(1358, '100088', 'profit_sharing', 'Get 0.21 USD from aaa5 (Low)', '0.21', 'aaa5', '1709173102'),
(1359, '100086', 'profit_sharing', 'Get 0.13 USD from aaa5 (Low)', '0.13', 'aaa5', '1709173102'),
(1360, '100084', 'profit_sharing', 'Get 0.08 USD from aaa5 (Low)', '0.08', 'aaa5', '1709173102'),
(1361, '100081', 'profit_sharing', 'Get 0.08 USD from aaa5 (Low)', '0.08', 'aaa5', '1709173102'),
(1362, '100079', 'profit_sharing', 'Get 0.04 USD from aaa5 (Low)', '0.04', 'aaa5', '1709173102'),
(1363, '100089', 'profit_sharing', 'Get 0.21 USD from aaa6 (Low)', '0.21', 'aaa6', '1709173102'),
(1364, '100088', 'profit_sharing', 'Get 0.13 USD from aaa6 (Low)', '0.13', 'aaa6', '1709173102'),
(1365, '100086', 'profit_sharing', 'Get 0.08 USD from aaa6 (Low)', '0.08', 'aaa6', '1709173102'),
(1366, '100084', 'profit_sharing', 'Get 0.08 USD from aaa6 (Low)', '0.08', 'aaa6', '1709173102'),
(1367, '100081', 'profit_sharing', 'Get 0.04 USD from aaa6 (Low)', '0.04', 'aaa6', '1709173102'),
(1368, '100091', 'profit_sharing', 'Get 0.51 USD from thedrumerss@gmail.com (Low)', '0.51', 'thedrumerss@gmail.com', '1709173102'),
(1369, '100001', 'profit_sharing', 'Get 0.31 USD from thedrumerss@gmail.com (Low)', '0.31', 'thedrumerss@gmail.com', '1709173102'),
(1370, '100001', 'profit_sharing', 'Get 0.2 USD from thedrumerss@gmail.com (Low)', '0.2', 'thedrumerss@gmail.com', '1709173102'),
(1371, '100001', 'profit_sharing', 'Get 0.2 USD from thedrumerss@gmail.com (Low)', '0.2', 'thedrumerss@gmail.com', '1709173102'),
(1372, '100001', 'profit_sharing', 'Get 0.1 USD from thedrumerss@gmail.com (Low)', '0.1', 'thedrumerss@gmail.com', '1709173102'),
(1373, '100091', 'profit_sharing', 'Get 0.41 USD from Mas E (Low)', '0.41', 'Mas E', '1709173102'),
(1374, '100001', 'profit_sharing', 'Get 0.25 USD from Mas E (Low)', '0.25', 'Mas E', '1709173102'),
(1375, '100001', 'profit_sharing', 'Get 0.16 USD from Mas E (Low)', '0.16', 'Mas E', '1709173102'),
(1376, '100001', 'profit_sharing', 'Get 0.16 USD from Mas E (Low)', '0.16', 'Mas E', '1709173102'),
(1377, '100001', 'profit_sharing', 'Get 0.08 USD from Mas E (Low)', '0.08', 'Mas E', '1709173102'),
(1378, '100091', 'profit_sharing', 'Get 0.41 USD from rifkydans (Low)', '0.41', 'rifkydans', '1709173102'),
(1379, '100001', 'profit_sharing', 'Get 0.25 USD from rifkydans (Low)', '0.25', 'rifkydans', '1709173102'),
(1380, '100001', 'profit_sharing', 'Get 0.16 USD from rifkydans (Low)', '0.16', 'rifkydans', '1709173102'),
(1381, '100001', 'profit_sharing', 'Get 0.16 USD from rifkydans (Low)', '0.16', 'rifkydans', '1709173102'),
(1382, '100001', 'profit_sharing', 'Get 0.08 USD from rifkydans (Low)', '0.08', 'rifkydans', '1709173102'),
(1383, '100095', 'profit_sharing', 'Get 0.1 USD from IDO (Low)', '0.1', 'IDO', '1709173102'),
(1384, '100091', 'profit_sharing', 'Get 0.06 USD from IDO (Low)', '0.06', 'IDO', '1709173102'),
(1385, '100001', 'profit_sharing', 'Get 0.04 USD from IDO (Low)', '0.04', 'IDO', '1709173102'),
(1386, '100001', 'profit_sharing', 'Get 0.04 USD from IDO (Low)', '0.04', 'IDO', '1709173102'),
(1387, '100001', 'profit_sharing', 'Get 0.02 USD from IDO (Low)', '0.02', 'IDO', '1709173102'),
(1388, '100091', 'profit_sharing', 'Get 0.59 USD from HOKYTRADE22 (Low)', '0.59', 'HOKYTRADE22', '1709173102'),
(1389, '100001', 'profit_sharing', 'Get 0.36 USD from HOKYTRADE22 (Low)', '0.36', 'HOKYTRADE22', '1709173102'),
(1390, '100001', 'profit_sharing', 'Get 0.24 USD from HOKYTRADE22 (Low)', '0.24', 'HOKYTRADE22', '1709173102'),
(1391, '100001', 'profit_sharing', 'Get 0.24 USD from HOKYTRADE22 (Low)', '0.24', 'HOKYTRADE22', '1709173102'),
(1392, '100001', 'profit_sharing', 'Get 0.12 USD from HOKYTRADE22 (Low)', '0.12', 'HOKYTRADE22', '1709173102'),
(1393, '100091', 'profit_sharing', 'Get 0.2 USD from Natajaya01 (Low)', '0.2', 'Natajaya01', '1709173102'),
(1394, '100001', 'profit_sharing', 'Get 0.12 USD from Natajaya01 (Low)', '0.12', 'Natajaya01', '1709173102'),
(1395, '100001', 'profit_sharing', 'Get 0.08 USD from Natajaya01 (Low)', '0.08', 'Natajaya01', '1709173102'),
(1396, '100001', 'profit_sharing', 'Get 0.08 USD from Natajaya01 (Low)', '0.08', 'Natajaya01', '1709173102'),
(1397, '100001', 'profit_sharing', 'Get 0.04 USD from Natajaya01 (Low)', '0.04', 'Natajaya01', '1709173102'),
(1398, '100091', 'profit_sharing', 'Get 0.5 USD from Bang J (Low)', '0.5', 'Bang J', '1709173102'),
(1399, '100001', 'profit_sharing', 'Get 0.3 USD from Bang J (Low)', '0.3', 'Bang J', '1709173102'),
(1400, '100001', 'profit_sharing', 'Get 0.2 USD from Bang J (Low)', '0.2', 'Bang J', '1709173102'),
(1401, '100001', 'profit_sharing', 'Get 0.2 USD from Bang J (Low)', '0.2', 'Bang J', '1709173102'),
(1402, '100001', 'profit_sharing', 'Get 0.1 USD from Bang J (Low)', '0.1', 'Bang J', '1709173102'),
(1403, '100092', 'profit_sharing', 'Get 0.22 USD from jessicachrss@gmail.com (Low)', '0.22', 'jessicachrss@gmail.com', '1709173102'),
(1404, '100091', 'profit_sharing', 'Get 0.13 USD from jessicachrss@gmail.com (Low)', '0.13', 'jessicachrss@gmail.com', '1709173102'),
(1405, '100001', 'profit_sharing', 'Get 0.09 USD from jessicachrss@gmail.com (Low)', '0.09', 'jessicachrss@gmail.com', '1709173102'),
(1406, '100001', 'profit_sharing', 'Get 0.09 USD from jessicachrss@gmail.com (Low)', '0.09', 'jessicachrss@gmail.com', '1709173102'),
(1407, '100001', 'profit_sharing', 'Get 0.04 USD from jessicachrss@gmail.com (Low)', '0.04', 'jessicachrss@gmail.com', '1709173102'),
(1408, '100104', 'profit_sharing', 'Get 0.05 USD from N13 (Low)', '0.05', 'N13', '1709173102'),
(1409, '100091', 'profit_sharing', 'Get 0.03 USD from N13 (Low)', '0.03', 'N13', '1709173102'),
(1410, '100001', 'profit_sharing', 'Get 0.02 USD from N13 (Low)', '0.02', 'N13', '1709173102'),
(1411, '100001', 'profit_sharing', 'Get 0.02 USD from N13 (Low)', '0.02', 'N13', '1709173102'),
(1412, '100001', 'profit_sharing', 'Get 0.01 USD from N13 (Low)', '0.01', 'N13', '1709173102'),
(1413, '100093', 'profit_sharing', 'Get 0.1 USD from pajangrahayu (Low)', '0.1', 'pajangrahayu', '1709173102'),
(1414, '100091', 'profit_sharing', 'Get 0.06 USD from pajangrahayu (Low)', '0.06', 'pajangrahayu', '1709173102'),
(1415, '100001', 'profit_sharing', 'Get 0.04 USD from pajangrahayu (Low)', '0.04', 'pajangrahayu', '1709173102'),
(1416, '100001', 'profit_sharing', 'Get 0.04 USD from pajangrahayu (Low)', '0.04', 'pajangrahayu', '1709173102'),
(1417, '100001', 'profit_sharing', 'Get 0.02 USD from pajangrahayu (Low)', '0.02', 'pajangrahayu', '1709173102'),
(1418, '100001', 'add', 'Adding balance from trading account', '75', 'High Account', '1709173171'),
(1419, '100001', 'profit_sharing', 'Get 47.62 USD from aaa (High)', '47.62', 'aaa', '1709173229'),
(1420, '100001', 'profit_sharing', 'Get 28.57 USD from aaa (High)', '28.57', 'aaa', '1709173229'),
(1421, '100001', 'profit_sharing', 'Get 19.05 USD from aaa (High)', '19.05', 'aaa', '1709173229'),
(1422, '100001', 'profit_sharing', 'Get 19.05 USD from aaa (High)', '19.05', 'aaa', '1709173229'),
(1423, '100001', 'profit_sharing', 'Get 9.52 USD from aaa (High)', '9.52', 'aaa', '1709173229'),
(1424, '100079', 'profit_sharing', 'Get 47.62 USD from bbb (High)', '47.62', 'bbb', '1709173229'),
(1425, '100001', 'profit_sharing', 'Get 28.57 USD from bbb (High)', '28.57', 'bbb', '1709173229'),
(1426, '100001', 'profit_sharing', 'Get 19.05 USD from bbb (High)', '19.05', 'bbb', '1709173229'),
(1427, '100001', 'profit_sharing', 'Get 19.05 USD from bbb (High)', '19.05', 'bbb', '1709173229'),
(1428, '100001', 'profit_sharing', 'Get 9.52 USD from bbb (High)', '9.52', 'bbb', '1709173229'),
(1429, '100080', 'profit_sharing', 'Get 47.62 USD from ccc (High)', '47.62', 'ccc', '1709173229'),
(1430, '100079', 'profit_sharing', 'Get 28.57 USD from ccc (High)', '28.57', 'ccc', '1709173229'),
(1431, '100001', 'profit_sharing', 'Get 19.05 USD from ccc (High)', '19.05', 'ccc', '1709173229'),
(1432, '100001', 'profit_sharing', 'Get 19.05 USD from ccc (High)', '19.05', 'ccc', '1709173229'),
(1433, '100001', 'profit_sharing', 'Get 9.52 USD from ccc (High)', '9.52', 'ccc', '1709173229'),
(1434, '100079', 'profit_sharing', 'Get 47.62 USD from aaa1 (High)', '47.62', 'aaa1', '1709173229'),
(1435, '100001', 'profit_sharing', 'Get 28.57 USD from aaa1 (High)', '28.57', 'aaa1', '1709173229'),
(1436, '100001', 'profit_sharing', 'Get 19.05 USD from aaa1 (High)', '19.05', 'aaa1', '1709173229'),
(1437, '100001', 'profit_sharing', 'Get 19.05 USD from aaa1 (High)', '19.05', 'aaa1', '1709173229'),
(1438, '100001', 'profit_sharing', 'Get 9.52 USD from aaa1 (High)', '9.52', 'aaa1', '1709173229'),
(1439, '100082', 'profit_sharing', 'Get 47.62 USD from ddd (High)', '47.62', 'ddd', '1709173229'),
(1440, '100080', 'profit_sharing', 'Get 28.57 USD from ddd (High)', '28.57', 'ddd', '1709173229'),
(1441, '100079', 'profit_sharing', 'Get 19.05 USD from ddd (High)', '19.05', 'ddd', '1709173229'),
(1442, '100001', 'profit_sharing', 'Get 19.05 USD from ddd (High)', '19.05', 'ddd', '1709173229'),
(1443, '100001', 'profit_sharing', 'Get 9.52 USD from ddd (High)', '9.52', 'ddd', '1709173229'),
(1444, '100081', 'profit_sharing', 'Get 47.62 USD from aaa2 (High)', '47.62', 'aaa2', '1709173229'),
(1445, '100079', 'profit_sharing', 'Get 28.57 USD from aaa2 (High)', '28.57', 'aaa2', '1709173229'),
(1446, '100001', 'profit_sharing', 'Get 19.05 USD from aaa2 (High)', '19.05', 'aaa2', '1709173229'),
(1447, '100001', 'profit_sharing', 'Get 19.05 USD from aaa2 (High)', '19.05', 'aaa2', '1709173229'),
(1448, '100001', 'profit_sharing', 'Get 9.52 USD from aaa2 (High)', '9.52', 'aaa2', '1709173229'),
(1449, '100083', 'profit_sharing', 'Get 47.62 USD from eee (High)', '47.62', 'eee', '1709173229'),
(1450, '100082', 'profit_sharing', 'Get 28.57 USD from eee (High)', '28.57', 'eee', '1709173229'),
(1451, '100080', 'profit_sharing', 'Get 19.05 USD from eee (High)', '19.05', 'eee', '1709173229'),
(1452, '100079', 'profit_sharing', 'Get 19.05 USD from eee (High)', '19.05', 'eee', '1709173229'),
(1453, '100001', 'profit_sharing', 'Get 9.52 USD from eee (High)', '9.52', 'eee', '1709173229'),
(1454, '100084', 'profit_sharing', 'Get 47.62 USD from aaa3 (High)', '47.62', 'aaa3', '1709173229'),
(1455, '100081', 'profit_sharing', 'Get 28.57 USD from aaa3 (High)', '28.57', 'aaa3', '1709173229'),
(1456, '100079', 'profit_sharing', 'Get 19.05 USD from aaa3 (High)', '19.05', 'aaa3', '1709173229'),
(1457, '100001', 'profit_sharing', 'Get 19.05 USD from aaa3 (High)', '19.05', 'aaa3', '1709173229'),
(1458, '100001', 'profit_sharing', 'Get 9.52 USD from aaa3 (High)', '9.52', 'aaa3', '1709173229'),
(1459, '100085', 'profit_sharing', 'Get 47.62 USD from fff (High)', '47.62', 'fff', '1709173229'),
(1460, '100083', 'profit_sharing', 'Get 28.57 USD from fff (High)', '28.57', 'fff', '1709173229'),
(1461, '100082', 'profit_sharing', 'Get 19.05 USD from fff (High)', '19.05', 'fff', '1709173229'),
(1462, '100080', 'profit_sharing', 'Get 19.05 USD from fff (High)', '19.05', 'fff', '1709173229'),
(1463, '100079', 'profit_sharing', 'Get 9.52 USD from fff (High)', '9.52', 'fff', '1709173229'),
(1464, '100086', 'profit_sharing', 'Get 47.62 USD from aaa4 (High)', '47.62', 'aaa4', '1709173229'),
(1465, '100084', 'profit_sharing', 'Get 28.57 USD from aaa4 (High)', '28.57', 'aaa4', '1709173229'),
(1466, '100081', 'profit_sharing', 'Get 19.05 USD from aaa4 (High)', '19.05', 'aaa4', '1709173229'),
(1467, '100079', 'profit_sharing', 'Get 19.05 USD from aaa4 (High)', '19.05', 'aaa4', '1709173229'),
(1468, '100001', 'profit_sharing', 'Get 9.52 USD from aaa4 (High)', '9.52', 'aaa4', '1709173229'),
(1469, '100088', 'profit_sharing', 'Get 47.62 USD from aaa5 (High)', '47.62', 'aaa5', '1709173229'),
(1470, '100086', 'profit_sharing', 'Get 28.57 USD from aaa5 (High)', '28.57', 'aaa5', '1709173229'),
(1471, '100084', 'profit_sharing', 'Get 19.05 USD from aaa5 (High)', '19.05', 'aaa5', '1709173229'),
(1472, '100081', 'profit_sharing', 'Get 19.05 USD from aaa5 (High)', '19.05', 'aaa5', '1709173229'),
(1473, '100079', 'profit_sharing', 'Get 9.52 USD from aaa5 (High)', '9.52', 'aaa5', '1709173229'),
(1474, '100089', 'profit_sharing', 'Get 47.62 USD from aaa6 (High)', '47.62', 'aaa6', '1709173229'),
(1475, '100088', 'profit_sharing', 'Get 28.57 USD from aaa6 (High)', '28.57', 'aaa6', '1709173229'),
(1476, '100086', 'profit_sharing', 'Get 19.05 USD from aaa6 (High)', '19.05', 'aaa6', '1709173229'),
(1477, '100084', 'profit_sharing', 'Get 19.05 USD from aaa6 (High)', '19.05', 'aaa6', '1709173229'),
(1478, '100081', 'profit_sharing', 'Get 9.52 USD from aaa6 (High)', '9.52', 'aaa6', '1709173229');
INSERT INTO `history` (`id`, `uid`, `type`, `description`, `amount`, `from`, `date`) VALUES
(1479, '100001', 'profit_sharing', 'Get 570.21 USD from Kenzo (High)', '570.21', 'Kenzo', '1709173229'),
(1480, '100001', 'profit_sharing', 'Get 342.13 USD from Kenzo (High)', '342.13', 'Kenzo', '1709173229'),
(1481, '100001', 'profit_sharing', 'Get 228.09 USD from Kenzo (High)', '228.09', 'Kenzo', '1709173229'),
(1482, '100001', 'profit_sharing', 'Get 228.09 USD from Kenzo (High)', '228.09', 'Kenzo', '1709173229'),
(1483, '100001', 'profit_sharing', 'Get 114.04 USD from Kenzo (High)', '114.04', 'Kenzo', '1709173229'),
(1484, '100091', 'profit_sharing', 'Get 97.57 USD from thedrumerss@gmail.com (High)', '97.57', 'thedrumerss@gmail.com', '1709173230'),
(1485, '100001', 'profit_sharing', 'Get 58.54 USD from thedrumerss@gmail.com (High)', '58.54', 'thedrumerss@gmail.com', '1709173230'),
(1486, '100001', 'profit_sharing', 'Get 39.03 USD from thedrumerss@gmail.com (High)', '39.03', 'thedrumerss@gmail.com', '1709173230'),
(1487, '100001', 'profit_sharing', 'Get 39.03 USD from thedrumerss@gmail.com (High)', '39.03', 'thedrumerss@gmail.com', '1709173230'),
(1488, '100001', 'profit_sharing', 'Get 19.51 USD from thedrumerss@gmail.com (High)', '19.51', 'thedrumerss@gmail.com', '1709173230'),
(1489, '100091', 'profit_sharing', 'Get 213.74 USD from kenny.ava (High)', '213.74', 'kenny.ava', '1709173230'),
(1490, '100001', 'profit_sharing', 'Get 128.24 USD from kenny.ava (High)', '128.24', 'kenny.ava', '1709173230'),
(1491, '100001', 'profit_sharing', 'Get 85.49 USD from kenny.ava (High)', '85.49', 'kenny.ava', '1709173230'),
(1492, '100001', 'profit_sharing', 'Get 85.49 USD from kenny.ava (High)', '85.49', 'kenny.ava', '1709173230'),
(1493, '100001', 'profit_sharing', 'Get 42.75 USD from kenny.ava (High)', '42.75', 'kenny.ava', '1709173230'),
(1494, '100091', 'profit_sharing', 'Get 78.14 USD from Mas E (High)', '78.14', 'Mas E', '1709173230'),
(1495, '100001', 'profit_sharing', 'Get 46.88 USD from Mas E (High)', '46.88', 'Mas E', '1709173230'),
(1496, '100001', 'profit_sharing', 'Get 31.26 USD from Mas E (High)', '31.26', 'Mas E', '1709173230'),
(1497, '100001', 'profit_sharing', 'Get 31.26 USD from Mas E (High)', '31.26', 'Mas E', '1709173230'),
(1498, '100001', 'profit_sharing', 'Get 15.63 USD from Mas E (High)', '15.63', 'Mas E', '1709173230'),
(1499, '100091', 'profit_sharing', 'Get 78.14 USD from rifkydans (High)', '78.14', 'rifkydans', '1709173230'),
(1500, '100001', 'profit_sharing', 'Get 46.88 USD from rifkydans (High)', '46.88', 'rifkydans', '1709173230'),
(1501, '100001', 'profit_sharing', 'Get 31.26 USD from rifkydans (High)', '31.26', 'rifkydans', '1709173230'),
(1502, '100001', 'profit_sharing', 'Get 31.26 USD from rifkydans (High)', '31.26', 'rifkydans', '1709173230'),
(1503, '100001', 'profit_sharing', 'Get 15.63 USD from rifkydans (High)', '15.63', 'rifkydans', '1709173230'),
(1504, '100095', 'profit_sharing', 'Get 136.73 USD from IDO (High)', '136.73', 'IDO', '1709173230'),
(1505, '100091', 'profit_sharing', 'Get 82.04 USD from IDO (High)', '82.04', 'IDO', '1709173230'),
(1506, '100001', 'profit_sharing', 'Get 54.69 USD from IDO (High)', '54.69', 'IDO', '1709173230'),
(1507, '100001', 'profit_sharing', 'Get 54.69 USD from IDO (High)', '54.69', 'IDO', '1709173230'),
(1508, '100001', 'profit_sharing', 'Get 27.35 USD from IDO (High)', '27.35', 'IDO', '1709173230'),
(1509, '100091', 'profit_sharing', 'Get 113.29 USD from HOKYTRADE22 (High)', '113.29', 'HOKYTRADE22', '1709173230'),
(1510, '100001', 'profit_sharing', 'Get 67.97 USD from HOKYTRADE22 (High)', '67.97', 'HOKYTRADE22', '1709173230'),
(1511, '100001', 'profit_sharing', 'Get 45.31 USD from HOKYTRADE22 (High)', '45.31', 'HOKYTRADE22', '1709173230'),
(1512, '100001', 'profit_sharing', 'Get 45.31 USD from HOKYTRADE22 (High)', '45.31', 'HOKYTRADE22', '1709173230'),
(1513, '100001', 'profit_sharing', 'Get 22.66 USD from HOKYTRADE22 (High)', '22.66', 'HOKYTRADE22', '1709173230'),
(1514, '100091', 'profit_sharing', 'Get 212.82 USD from Perikecil26 (High)', '212.82', 'Perikecil26', '1709173230'),
(1515, '100001', 'profit_sharing', 'Get 127.69 USD from Perikecil26 (High)', '127.69', 'Perikecil26', '1709173230'),
(1516, '100001', 'profit_sharing', 'Get 85.13 USD from Perikecil26 (High)', '85.13', 'Perikecil26', '1709173230'),
(1517, '100001', 'profit_sharing', 'Get 85.13 USD from Perikecil26 (High)', '85.13', 'Perikecil26', '1709173230'),
(1518, '100001', 'profit_sharing', 'Get 42.56 USD from Perikecil26 (High)', '42.56', 'Perikecil26', '1709173230'),
(1519, '100094', 'profit_sharing', 'Get 4.01 USD from Hanafimalik (High)', '4.01', 'Hanafimalik', '1709173230'),
(1520, '100091', 'profit_sharing', 'Get 2.41 USD from Hanafimalik (High)', '2.41', 'Hanafimalik', '1709173230'),
(1521, '100001', 'profit_sharing', 'Get 1.61 USD from Hanafimalik (High)', '1.61', 'Hanafimalik', '1709173230'),
(1522, '100001', 'profit_sharing', 'Get 1.61 USD from Hanafimalik (High)', '1.61', 'Hanafimalik', '1709173230'),
(1523, '100001', 'profit_sharing', 'Get 0.8 USD from Hanafimalik (High)', '0.8', 'Hanafimalik', '1709173230'),
(1524, '100091', 'profit_sharing', 'Get 37.45 USD from Natajaya01 (High)', '37.45', 'Natajaya01', '1709173230'),
(1525, '100001', 'profit_sharing', 'Get 22.47 USD from Natajaya01 (High)', '22.47', 'Natajaya01', '1709173230'),
(1526, '100001', 'profit_sharing', 'Get 14.98 USD from Natajaya01 (High)', '14.98', 'Natajaya01', '1709173230'),
(1527, '100001', 'profit_sharing', 'Get 14.98 USD from Natajaya01 (High)', '14.98', 'Natajaya01', '1709173230'),
(1528, '100001', 'profit_sharing', 'Get 7.49 USD from Natajaya01 (High)', '7.49', 'Natajaya01', '1709173230'),
(1529, '100091', 'profit_sharing', 'Get 94.86 USD from Bang J (High)', '94.86', 'Bang J', '1709173230'),
(1530, '100001', 'profit_sharing', 'Get 56.91 USD from Bang J (High)', '56.91', 'Bang J', '1709173230'),
(1531, '100001', 'profit_sharing', 'Get 37.94 USD from Bang J (High)', '37.94', 'Bang J', '1709173230'),
(1532, '100001', 'profit_sharing', 'Get 37.94 USD from Bang J (High)', '37.94', 'Bang J', '1709173230'),
(1533, '100001', 'profit_sharing', 'Get 18.97 USD from Bang J (High)', '18.97', 'Bang J', '1709173230'),
(1534, '100095', 'profit_sharing', 'Get 14.62 USD from rickyirawan (High)', '14.62', 'rickyirawan', '1709173230'),
(1535, '100091', 'profit_sharing', 'Get 8.77 USD from rickyirawan (High)', '8.77', 'rickyirawan', '1709173230'),
(1536, '100001', 'profit_sharing', 'Get 5.85 USD from rickyirawan (High)', '5.85', 'rickyirawan', '1709173230'),
(1537, '100001', 'profit_sharing', 'Get 5.85 USD from rickyirawan (High)', '5.85', 'rickyirawan', '1709173230'),
(1538, '100001', 'profit_sharing', 'Get 2.92 USD from rickyirawan (High)', '2.92', 'rickyirawan', '1709173230'),
(1539, '100095', 'profit_sharing', 'Get 1.96 USD from rinatyo (High)', '1.96', 'rinatyo', '1709173230'),
(1540, '100091', 'profit_sharing', 'Get 1.18 USD from rinatyo (High)', '1.18', 'rinatyo', '1709173230'),
(1541, '100001', 'profit_sharing', 'Get 0.79 USD from rinatyo (High)', '0.79', 'rinatyo', '1709173230'),
(1542, '100001', 'profit_sharing', 'Get 0.79 USD from rinatyo (High)', '0.79', 'rinatyo', '1709173230'),
(1543, '100001', 'profit_sharing', 'Get 0.39 USD from rinatyo (High)', '0.39', 'rinatyo', '1709173230'),
(1544, '100096', 'profit_sharing', 'Get 247.87 USD from Tuan Muda (High)', '247.87', 'Tuan Muda', '1709173230'),
(1545, '100095', 'profit_sharing', 'Get 148.72 USD from Tuan Muda (High)', '148.72', 'Tuan Muda', '1709173230'),
(1546, '100091', 'profit_sharing', 'Get 99.15 USD from Tuan Muda (High)', '99.15', 'Tuan Muda', '1709173230'),
(1547, '100001', 'profit_sharing', 'Get 99.15 USD from Tuan Muda (High)', '99.15', 'Tuan Muda', '1709173230'),
(1548, '100001', 'profit_sharing', 'Get 49.57 USD from Tuan Muda (High)', '49.57', 'Tuan Muda', '1709173230'),
(1549, '100095', 'profit_sharing', 'Get 10.62 USD from nisasya (High)', '10.62', 'nisasya', '1709173230'),
(1550, '100091', 'profit_sharing', 'Get 6.37 USD from nisasya (High)', '6.37', 'nisasya', '1709173230'),
(1551, '100001', 'profit_sharing', 'Get 4.25 USD from nisasya (High)', '4.25', 'nisasya', '1709173230'),
(1552, '100001', 'profit_sharing', 'Get 4.25 USD from nisasya (High)', '4.25', 'nisasya', '1709173230'),
(1553, '100001', 'profit_sharing', 'Get 2.12 USD from nisasya (High)', '2.12', 'nisasya', '1709173230'),
(1554, '100095', 'profit_sharing', 'Get 1.96 USD from alfimau (High)', '1.96', 'alfimau', '1709173230'),
(1555, '100091', 'profit_sharing', 'Get 1.18 USD from alfimau (High)', '1.18', 'alfimau', '1709173230'),
(1556, '100001', 'profit_sharing', 'Get 0.79 USD from alfimau (High)', '0.79', 'alfimau', '1709173230'),
(1557, '100001', 'profit_sharing', 'Get 0.79 USD from alfimau (High)', '0.79', 'alfimau', '1709173230'),
(1558, '100001', 'profit_sharing', 'Get 0.39 USD from alfimau (High)', '0.39', 'alfimau', '1709173230'),
(1559, '100092', 'profit_sharing', 'Get 3.9 USD from romet (High)', '3.9', 'romet', '1709173230'),
(1560, '100091', 'profit_sharing', 'Get 2.34 USD from romet (High)', '2.34', 'romet', '1709173230'),
(1561, '100001', 'profit_sharing', 'Get 1.56 USD from romet (High)', '1.56', 'romet', '1709173230'),
(1562, '100001', 'profit_sharing', 'Get 1.56 USD from romet (High)', '1.56', 'romet', '1709173230'),
(1563, '100001', 'profit_sharing', 'Get 0.78 USD from romet (High)', '0.78', 'romet', '1709173230'),
(1564, '100092', 'profit_sharing', 'Get 12.5 USD from obengsatu@gmail.com (High)', '12.5', 'obengsatu@gmail.com', '1709173230'),
(1565, '100091', 'profit_sharing', 'Get 7.5 USD from obengsatu@gmail.com (High)', '7.5', 'obengsatu@gmail.com', '1709173230'),
(1566, '100001', 'profit_sharing', 'Get 5 USD from obengsatu@gmail.com (High)', '5', 'obengsatu@gmail.com', '1709173230'),
(1567, '100001', 'profit_sharing', 'Get 5 USD from obengsatu@gmail.com (High)', '5', 'obengsatu@gmail.com', '1709173230'),
(1568, '100001', 'profit_sharing', 'Get 2.5 USD from obengsatu@gmail.com (High)', '2.5', 'obengsatu@gmail.com', '1709173230'),
(1569, '100092', 'profit_sharing', 'Get 13.64 USD from darrell.decoration@gmail.com (High)', '13.64', 'darrell.decoration@gmail.com', '1709173230'),
(1570, '100091', 'profit_sharing', 'Get 8.18 USD from darrell.decoration@gmail.com (High)', '8.18', 'darrell.decoration@gmail.com', '1709173230'),
(1571, '100001', 'profit_sharing', 'Get 5.45 USD from darrell.decoration@gmail.com (High)', '5.45', 'darrell.decoration@gmail.com', '1709173230'),
(1572, '100001', 'profit_sharing', 'Get 5.45 USD from darrell.decoration@gmail.com (High)', '5.45', 'darrell.decoration@gmail.com', '1709173230'),
(1573, '100001', 'profit_sharing', 'Get 2.73 USD from darrell.decoration@gmail.com (High)', '2.73', 'darrell.decoration@gmail.com', '1709173230'),
(1574, '100104', 'profit_sharing', 'Get 9.67 USD from N13 (High)', '9.67', 'N13', '1709173230'),
(1575, '100091', 'profit_sharing', 'Get 5.8 USD from N13 (High)', '5.8', 'N13', '1709173230'),
(1576, '100001', 'profit_sharing', 'Get 3.87 USD from N13 (High)', '3.87', 'N13', '1709173230'),
(1577, '100001', 'profit_sharing', 'Get 3.87 USD from N13 (High)', '3.87', 'N13', '1709173230'),
(1578, '100001', 'profit_sharing', 'Get 1.93 USD from N13 (High)', '1.93', 'N13', '1709173230'),
(1579, '100095', 'profit_sharing', 'Get 17.15 USD from okisaput (High)', '17.15', 'okisaput', '1709173230'),
(1580, '100091', 'profit_sharing', 'Get 10.29 USD from okisaput (High)', '10.29', 'okisaput', '1709173230'),
(1581, '100001', 'profit_sharing', 'Get 6.86 USD from okisaput (High)', '6.86', 'okisaput', '1709173230'),
(1582, '100001', 'profit_sharing', 'Get 6.86 USD from okisaput (High)', '6.86', 'okisaput', '1709173230'),
(1583, '100001', 'profit_sharing', 'Get 3.43 USD from okisaput (High)', '3.43', 'okisaput', '1709173230'),
(1584, '100093', 'profit_sharing', 'Get 41.68 USD from Miketob45 (High)', '41.68', 'Miketob45', '1709173230'),
(1585, '100091', 'profit_sharing', 'Get 25.01 USD from Miketob45 (High)', '25.01', 'Miketob45', '1709173230'),
(1586, '100001', 'profit_sharing', 'Get 16.67 USD from Miketob45 (High)', '16.67', 'Miketob45', '1709173230'),
(1587, '100001', 'profit_sharing', 'Get 16.67 USD from Miketob45 (High)', '16.67', 'Miketob45', '1709173230'),
(1588, '100001', 'profit_sharing', 'Get 8.34 USD from Miketob45 (High)', '8.34', 'Miketob45', '1709173230'),
(1589, '100001', 'profit_sharing', 'Get 67.12 USD from aaa (High)', '67.12', 'aaa', '1709173422'),
(1590, '100001', 'profit_sharing', 'Get 40.27 USD from aaa (High)', '40.27', 'aaa', '1709173422'),
(1591, '100001', 'profit_sharing', 'Get 26.85 USD from aaa (High)', '26.85', 'aaa', '1709173422'),
(1592, '100001', 'profit_sharing', 'Get 26.85 USD from aaa (High)', '26.85', 'aaa', '1709173422'),
(1593, '100001', 'profit_sharing', 'Get 13.42 USD from aaa (High)', '13.42', 'aaa', '1709173422'),
(1594, '100079', 'profit_sharing', 'Get 67.12 USD from bbb (High)', '67.12', 'bbb', '1709173422'),
(1595, '100001', 'profit_sharing', 'Get 40.27 USD from bbb (High)', '40.27', 'bbb', '1709173422'),
(1596, '100001', 'profit_sharing', 'Get 26.85 USD from bbb (High)', '26.85', 'bbb', '1709173422'),
(1597, '100001', 'profit_sharing', 'Get 26.85 USD from bbb (High)', '26.85', 'bbb', '1709173422'),
(1598, '100001', 'profit_sharing', 'Get 13.42 USD from bbb (High)', '13.42', 'bbb', '1709173422'),
(1599, '100080', 'profit_sharing', 'Get 67.12 USD from ccc (High)', '67.12', 'ccc', '1709173422'),
(1600, '100079', 'profit_sharing', 'Get 40.27 USD from ccc (High)', '40.27', 'ccc', '1709173422'),
(1601, '100001', 'profit_sharing', 'Get 26.85 USD from ccc (High)', '26.85', 'ccc', '1709173422'),
(1602, '100001', 'profit_sharing', 'Get 26.85 USD from ccc (High)', '26.85', 'ccc', '1709173422'),
(1603, '100001', 'profit_sharing', 'Get 13.42 USD from ccc (High)', '13.42', 'ccc', '1709173422'),
(1604, '100079', 'profit_sharing', 'Get 67.12 USD from aaa1 (High)', '67.12', 'aaa1', '1709173422'),
(1605, '100001', 'profit_sharing', 'Get 40.27 USD from aaa1 (High)', '40.27', 'aaa1', '1709173422'),
(1606, '100001', 'profit_sharing', 'Get 26.85 USD from aaa1 (High)', '26.85', 'aaa1', '1709173422'),
(1607, '100001', 'profit_sharing', 'Get 26.85 USD from aaa1 (High)', '26.85', 'aaa1', '1709173422'),
(1608, '100001', 'profit_sharing', 'Get 13.42 USD from aaa1 (High)', '13.42', 'aaa1', '1709173422'),
(1609, '100082', 'profit_sharing', 'Get 67.12 USD from ddd (High)', '67.12', 'ddd', '1709173422'),
(1610, '100080', 'profit_sharing', 'Get 40.27 USD from ddd (High)', '40.27', 'ddd', '1709173422'),
(1611, '100079', 'profit_sharing', 'Get 26.85 USD from ddd (High)', '26.85', 'ddd', '1709173422'),
(1612, '100001', 'profit_sharing', 'Get 26.85 USD from ddd (High)', '26.85', 'ddd', '1709173422'),
(1613, '100001', 'profit_sharing', 'Get 13.42 USD from ddd (High)', '13.42', 'ddd', '1709173422'),
(1614, '100081', 'profit_sharing', 'Get 67.12 USD from aaa2 (High)', '67.12', 'aaa2', '1709173422'),
(1615, '100079', 'profit_sharing', 'Get 40.27 USD from aaa2 (High)', '40.27', 'aaa2', '1709173422'),
(1616, '100001', 'profit_sharing', 'Get 26.85 USD from aaa2 (High)', '26.85', 'aaa2', '1709173422'),
(1617, '100001', 'profit_sharing', 'Get 26.85 USD from aaa2 (High)', '26.85', 'aaa2', '1709173422'),
(1618, '100001', 'profit_sharing', 'Get 13.42 USD from aaa2 (High)', '13.42', 'aaa2', '1709173422'),
(1619, '100083', 'profit_sharing', 'Get 67.12 USD from eee (High)', '67.12', 'eee', '1709173422'),
(1620, '100082', 'profit_sharing', 'Get 40.27 USD from eee (High)', '40.27', 'eee', '1709173422'),
(1621, '100080', 'profit_sharing', 'Get 26.85 USD from eee (High)', '26.85', 'eee', '1709173422'),
(1622, '100079', 'profit_sharing', 'Get 26.85 USD from eee (High)', '26.85', 'eee', '1709173422'),
(1623, '100001', 'profit_sharing', 'Get 13.42 USD from eee (High)', '13.42', 'eee', '1709173422'),
(1624, '100084', 'profit_sharing', 'Get 67.12 USD from aaa3 (High)', '67.12', 'aaa3', '1709173422'),
(1625, '100081', 'profit_sharing', 'Get 40.27 USD from aaa3 (High)', '40.27', 'aaa3', '1709173422'),
(1626, '100079', 'profit_sharing', 'Get 26.85 USD from aaa3 (High)', '26.85', 'aaa3', '1709173422'),
(1627, '100001', 'profit_sharing', 'Get 26.85 USD from aaa3 (High)', '26.85', 'aaa3', '1709173422'),
(1628, '100001', 'profit_sharing', 'Get 13.42 USD from aaa3 (High)', '13.42', 'aaa3', '1709173422'),
(1629, '100085', 'profit_sharing', 'Get 67.12 USD from fff (High)', '67.12', 'fff', '1709173422'),
(1630, '100083', 'profit_sharing', 'Get 40.27 USD from fff (High)', '40.27', 'fff', '1709173422'),
(1631, '100082', 'profit_sharing', 'Get 26.85 USD from fff (High)', '26.85', 'fff', '1709173422'),
(1632, '100080', 'profit_sharing', 'Get 26.85 USD from fff (High)', '26.85', 'fff', '1709173422'),
(1633, '100079', 'profit_sharing', 'Get 13.42 USD from fff (High)', '13.42', 'fff', '1709173422'),
(1634, '100086', 'profit_sharing', 'Get 67.12 USD from aaa4 (High)', '67.12', 'aaa4', '1709173422'),
(1635, '100084', 'profit_sharing', 'Get 40.27 USD from aaa4 (High)', '40.27', 'aaa4', '1709173422'),
(1636, '100081', 'profit_sharing', 'Get 26.85 USD from aaa4 (High)', '26.85', 'aaa4', '1709173422'),
(1637, '100079', 'profit_sharing', 'Get 26.85 USD from aaa4 (High)', '26.85', 'aaa4', '1709173422'),
(1638, '100001', 'profit_sharing', 'Get 13.42 USD from aaa4 (High)', '13.42', 'aaa4', '1709173422'),
(1639, '100088', 'profit_sharing', 'Get 67.12 USD from aaa5 (High)', '67.12', 'aaa5', '1709173422'),
(1640, '100086', 'profit_sharing', 'Get 40.27 USD from aaa5 (High)', '40.27', 'aaa5', '1709173422'),
(1641, '100084', 'profit_sharing', 'Get 26.85 USD from aaa5 (High)', '26.85', 'aaa5', '1709173422'),
(1642, '100081', 'profit_sharing', 'Get 26.85 USD from aaa5 (High)', '26.85', 'aaa5', '1709173422'),
(1643, '100079', 'profit_sharing', 'Get 13.42 USD from aaa5 (High)', '13.42', 'aaa5', '1709173422'),
(1644, '100089', 'profit_sharing', 'Get 67.12 USD from aaa6 (High)', '67.12', 'aaa6', '1709173422'),
(1645, '100088', 'profit_sharing', 'Get 40.27 USD from aaa6 (High)', '40.27', 'aaa6', '1709173422'),
(1646, '100086', 'profit_sharing', 'Get 26.85 USD from aaa6 (High)', '26.85', 'aaa6', '1709173422'),
(1647, '100084', 'profit_sharing', 'Get 26.85 USD from aaa6 (High)', '26.85', 'aaa6', '1709173422'),
(1648, '100081', 'profit_sharing', 'Get 13.42 USD from aaa6 (High)', '13.42', 'aaa6', '1709173422'),
(1649, '100001', 'profit_sharing', 'Get 427.03 USD from Kenzo (High)', '427.03', 'Kenzo', '1709173422'),
(1650, '100001', 'profit_sharing', 'Get 256.22 USD from Kenzo (High)', '256.22', 'Kenzo', '1709173422'),
(1651, '100001', 'profit_sharing', 'Get 170.81 USD from Kenzo (High)', '170.81', 'Kenzo', '1709173422'),
(1652, '100001', 'profit_sharing', 'Get 170.81 USD from Kenzo (High)', '170.81', 'Kenzo', '1709173422'),
(1653, '100001', 'profit_sharing', 'Get 85.41 USD from Kenzo (High)', '85.41', 'Kenzo', '1709173422'),
(1654, '100091', 'profit_sharing', 'Get 137.54 USD from thedrumerss@gmail.com (High)', '137.54', 'thedrumerss@gmail.com', '1709173422'),
(1655, '100001', 'profit_sharing', 'Get 82.52 USD from thedrumerss@gmail.com (High)', '82.52', 'thedrumerss@gmail.com', '1709173422'),
(1656, '100001', 'profit_sharing', 'Get 55.02 USD from thedrumerss@gmail.com (High)', '55.02', 'thedrumerss@gmail.com', '1709173422'),
(1657, '100001', 'profit_sharing', 'Get 55.02 USD from thedrumerss@gmail.com (High)', '55.02', 'thedrumerss@gmail.com', '1709173422'),
(1658, '100001', 'profit_sharing', 'Get 27.51 USD from thedrumerss@gmail.com (High)', '27.51', 'thedrumerss@gmail.com', '1709173422'),
(1659, '100091', 'profit_sharing', 'Get 301.29 USD from kenny.ava (High)', '301.29', 'kenny.ava', '1709173422'),
(1660, '100001', 'profit_sharing', 'Get 180.77 USD from kenny.ava (High)', '180.77', 'kenny.ava', '1709173422'),
(1661, '100001', 'profit_sharing', 'Get 120.51 USD from kenny.ava (High)', '120.51', 'kenny.ava', '1709173422'),
(1662, '100001', 'profit_sharing', 'Get 120.51 USD from kenny.ava (High)', '120.51', 'kenny.ava', '1709173422'),
(1663, '100001', 'profit_sharing', 'Get 60.26 USD from kenny.ava (High)', '60.26', 'kenny.ava', '1709173422'),
(1664, '100091', 'profit_sharing', 'Get 110.14 USD from Mas E (High)', '110.14', 'Mas E', '1709173422'),
(1665, '100001', 'profit_sharing', 'Get 66.09 USD from Mas E (High)', '66.09', 'Mas E', '1709173422'),
(1666, '100001', 'profit_sharing', 'Get 44.06 USD from Mas E (High)', '44.06', 'Mas E', '1709173422'),
(1667, '100001', 'profit_sharing', 'Get 44.06 USD from Mas E (High)', '44.06', 'Mas E', '1709173422'),
(1668, '100001', 'profit_sharing', 'Get 22.03 USD from Mas E (High)', '22.03', 'Mas E', '1709173422'),
(1669, '100091', 'profit_sharing', 'Get 110.14 USD from rifkydans (High)', '110.14', 'rifkydans', '1709173422'),
(1670, '100001', 'profit_sharing', 'Get 66.09 USD from rifkydans (High)', '66.09', 'rifkydans', '1709173422'),
(1671, '100001', 'profit_sharing', 'Get 44.06 USD from rifkydans (High)', '44.06', 'rifkydans', '1709173422'),
(1672, '100001', 'profit_sharing', 'Get 44.06 USD from rifkydans (High)', '44.06', 'rifkydans', '1709173422'),
(1673, '100001', 'profit_sharing', 'Get 22.03 USD from rifkydans (High)', '22.03', 'rifkydans', '1709173422'),
(1674, '100095', 'profit_sharing', 'Get 192.73 USD from IDO (High)', '192.73', 'IDO', '1709173422'),
(1675, '100091', 'profit_sharing', 'Get 115.64 USD from IDO (High)', '115.64', 'IDO', '1709173422'),
(1676, '100001', 'profit_sharing', 'Get 77.09 USD from IDO (High)', '77.09', 'IDO', '1709173422'),
(1677, '100001', 'profit_sharing', 'Get 77.09 USD from IDO (High)', '77.09', 'IDO', '1709173422'),
(1678, '100001', 'profit_sharing', 'Get 38.55 USD from IDO (High)', '38.55', 'IDO', '1709173422'),
(1679, '100091', 'profit_sharing', 'Get 159.69 USD from HOKYTRADE22 (High)', '159.69', 'HOKYTRADE22', '1709173422'),
(1680, '100001', 'profit_sharing', 'Get 95.82 USD from HOKYTRADE22 (High)', '95.82', 'HOKYTRADE22', '1709173422'),
(1681, '100001', 'profit_sharing', 'Get 63.88 USD from HOKYTRADE22 (High)', '63.88', 'HOKYTRADE22', '1709173422'),
(1682, '100001', 'profit_sharing', 'Get 63.88 USD from HOKYTRADE22 (High)', '63.88', 'HOKYTRADE22', '1709173422'),
(1683, '100001', 'profit_sharing', 'Get 31.94 USD from HOKYTRADE22 (High)', '31.94', 'HOKYTRADE22', '1709173422'),
(1684, '100091', 'profit_sharing', 'Get 299.99 USD from Perikecil26 (High)', '299.99', 'Perikecil26', '1709173422'),
(1685, '100001', 'profit_sharing', 'Get 179.99 USD from Perikecil26 (High)', '179.99', 'Perikecil26', '1709173422'),
(1686, '100001', 'profit_sharing', 'Get 120 USD from Perikecil26 (High)', '120', 'Perikecil26', '1709173422'),
(1687, '100001', 'profit_sharing', 'Get 120 USD from Perikecil26 (High)', '120', 'Perikecil26', '1709173422'),
(1688, '100001', 'profit_sharing', 'Get 60 USD from Perikecil26 (High)', '60', 'Perikecil26', '1709173422'),
(1689, '100094', 'profit_sharing', 'Get 5.65 USD from Hanafimalik (High)', '5.65', 'Hanafimalik', '1709173422'),
(1690, '100091', 'profit_sharing', 'Get 3.39 USD from Hanafimalik (High)', '3.39', 'Hanafimalik', '1709173422'),
(1691, '100001', 'profit_sharing', 'Get 2.26 USD from Hanafimalik (High)', '2.26', 'Hanafimalik', '1709173422'),
(1692, '100001', 'profit_sharing', 'Get 2.26 USD from Hanafimalik (High)', '2.26', 'Hanafimalik', '1709173422'),
(1693, '100001', 'profit_sharing', 'Get 1.13 USD from Hanafimalik (High)', '1.13', 'Hanafimalik', '1709173422'),
(1694, '100091', 'profit_sharing', 'Get 52.78 USD from Natajaya01 (High)', '52.78', 'Natajaya01', '1709173422'),
(1695, '100001', 'profit_sharing', 'Get 31.67 USD from Natajaya01 (High)', '31.67', 'Natajaya01', '1709173422'),
(1696, '100001', 'profit_sharing', 'Get 21.11 USD from Natajaya01 (High)', '21.11', 'Natajaya01', '1709173422'),
(1697, '100001', 'profit_sharing', 'Get 21.11 USD from Natajaya01 (High)', '21.11', 'Natajaya01', '1709173422'),
(1698, '100001', 'profit_sharing', 'Get 10.56 USD from Natajaya01 (High)', '10.56', 'Natajaya01', '1709173423'),
(1699, '100091', 'profit_sharing', 'Get 133.71 USD from Bang J (High)', '133.71', 'Bang J', '1709173423'),
(1700, '100001', 'profit_sharing', 'Get 80.22 USD from Bang J (High)', '80.22', 'Bang J', '1709173423'),
(1701, '100001', 'profit_sharing', 'Get 53.48 USD from Bang J (High)', '53.48', 'Bang J', '1709173423'),
(1702, '100001', 'profit_sharing', 'Get 53.48 USD from Bang J (High)', '53.48', 'Bang J', '1709173423'),
(1703, '100001', 'profit_sharing', 'Get 26.74 USD from Bang J (High)', '26.74', 'Bang J', '1709173423'),
(1704, '100095', 'profit_sharing', 'Get 20.61 USD from rickyirawan (High)', '20.61', 'rickyirawan', '1709173423'),
(1705, '100091', 'profit_sharing', 'Get 12.36 USD from rickyirawan (High)', '12.36', 'rickyirawan', '1709173423'),
(1706, '100001', 'profit_sharing', 'Get 8.24 USD from rickyirawan (High)', '8.24', 'rickyirawan', '1709173423'),
(1707, '100001', 'profit_sharing', 'Get 8.24 USD from rickyirawan (High)', '8.24', 'rickyirawan', '1709173423'),
(1708, '100001', 'profit_sharing', 'Get 4.12 USD from rickyirawan (High)', '4.12', 'rickyirawan', '1709173423'),
(1709, '100095', 'profit_sharing', 'Get 2.76 USD from rinatyo (High)', '2.76', 'rinatyo', '1709173423'),
(1710, '100091', 'profit_sharing', 'Get 1.65 USD from rinatyo (High)', '1.65', 'rinatyo', '1709173423'),
(1711, '100001', 'profit_sharing', 'Get 1.1 USD from rinatyo (High)', '1.1', 'rinatyo', '1709173423'),
(1712, '100001', 'profit_sharing', 'Get 1.1 USD from rinatyo (High)', '1.1', 'rinatyo', '1709173423'),
(1713, '100001', 'profit_sharing', 'Get 0.55 USD from rinatyo (High)', '0.55', 'rinatyo', '1709173423'),
(1714, '100096', 'profit_sharing', 'Get 349.4 USD from Tuan Muda (High)', '349.4', 'Tuan Muda', '1709173423'),
(1715, '100095', 'profit_sharing', 'Get 209.64 USD from Tuan Muda (High)', '209.64', 'Tuan Muda', '1709173423'),
(1716, '100091', 'profit_sharing', 'Get 139.76 USD from Tuan Muda (High)', '139.76', 'Tuan Muda', '1709173423'),
(1717, '100001', 'profit_sharing', 'Get 139.76 USD from Tuan Muda (High)', '139.76', 'Tuan Muda', '1709173423'),
(1718, '100001', 'profit_sharing', 'Get 69.88 USD from Tuan Muda (High)', '69.88', 'Tuan Muda', '1709173423'),
(1719, '100095', 'profit_sharing', 'Get 14.97 USD from nisasya (High)', '14.97', 'nisasya', '1709173423'),
(1720, '100091', 'profit_sharing', 'Get 8.98 USD from nisasya (High)', '8.98', 'nisasya', '1709173423'),
(1721, '100001', 'profit_sharing', 'Get 5.99 USD from nisasya (High)', '5.99', 'nisasya', '1709173423'),
(1722, '100001', 'profit_sharing', 'Get 5.99 USD from nisasya (High)', '5.99', 'nisasya', '1709173423'),
(1723, '100001', 'profit_sharing', 'Get 2.99 USD from nisasya (High)', '2.99', 'nisasya', '1709173423'),
(1724, '100095', 'profit_sharing', 'Get 2.76 USD from alfimau (High)', '2.76', 'alfimau', '1709173423'),
(1725, '100091', 'profit_sharing', 'Get 1.65 USD from alfimau (High)', '1.65', 'alfimau', '1709173423'),
(1726, '100001', 'profit_sharing', 'Get 1.1 USD from alfimau (High)', '1.1', 'alfimau', '1709173423'),
(1727, '100001', 'profit_sharing', 'Get 1.1 USD from alfimau (High)', '1.1', 'alfimau', '1709173423'),
(1728, '100001', 'profit_sharing', 'Get 0.55 USD from alfimau (High)', '0.55', 'alfimau', '1709173423'),
(1729, '100092', 'profit_sharing', 'Get 5.49 USD from romet (High)', '5.49', 'romet', '1709173423'),
(1730, '100091', 'profit_sharing', 'Get 3.3 USD from romet (High)', '3.3', 'romet', '1709173423'),
(1731, '100001', 'profit_sharing', 'Get 2.2 USD from romet (High)', '2.2', 'romet', '1709173423'),
(1732, '100001', 'profit_sharing', 'Get 2.2 USD from romet (High)', '2.2', 'romet', '1709173423'),
(1733, '100001', 'profit_sharing', 'Get 1.1 USD from romet (High)', '1.1', 'romet', '1709173423'),
(1734, '100092', 'profit_sharing', 'Get 17.63 USD from obengsatu@gmail.com (High)', '17.63', 'obengsatu@gmail.com', '1709173423'),
(1735, '100091', 'profit_sharing', 'Get 10.58 USD from obengsatu@gmail.com (High)', '10.58', 'obengsatu@gmail.com', '1709173423'),
(1736, '100001', 'profit_sharing', 'Get 7.05 USD from obengsatu@gmail.com (High)', '7.05', 'obengsatu@gmail.com', '1709173423'),
(1737, '100001', 'profit_sharing', 'Get 7.05 USD from obengsatu@gmail.com (High)', '7.05', 'obengsatu@gmail.com', '1709173423'),
(1738, '100001', 'profit_sharing', 'Get 3.53 USD from obengsatu@gmail.com (High)', '3.53', 'obengsatu@gmail.com', '1709173423'),
(1739, '100092', 'profit_sharing', 'Get 19.22 USD from darrell.decoration@gmail.com (High)', '19.22', 'darrell.decoration@gmail.com', '1709173423'),
(1740, '100091', 'profit_sharing', 'Get 11.53 USD from darrell.decoration@gmail.com (High)', '11.53', 'darrell.decoration@gmail.com', '1709173423'),
(1741, '100001', 'profit_sharing', 'Get 7.69 USD from darrell.decoration@gmail.com (High)', '7.69', 'darrell.decoration@gmail.com', '1709173423'),
(1742, '100001', 'profit_sharing', 'Get 7.69 USD from darrell.decoration@gmail.com (High)', '7.69', 'darrell.decoration@gmail.com', '1709173423'),
(1743, '100001', 'profit_sharing', 'Get 3.84 USD from darrell.decoration@gmail.com (High)', '3.84', 'darrell.decoration@gmail.com', '1709173423'),
(1744, '100104', 'profit_sharing', 'Get 13.64 USD from N13 (High)', '13.64', 'N13', '1709173423'),
(1745, '100091', 'profit_sharing', 'Get 8.18 USD from N13 (High)', '8.18', 'N13', '1709173423'),
(1746, '100001', 'profit_sharing', 'Get 5.46 USD from N13 (High)', '5.46', 'N13', '1709173423'),
(1747, '100001', 'profit_sharing', 'Get 5.46 USD from N13 (High)', '5.46', 'N13', '1709173423'),
(1748, '100001', 'profit_sharing', 'Get 2.73 USD from N13 (High)', '2.73', 'N13', '1709173423'),
(1749, '100095', 'profit_sharing', 'Get 24.18 USD from okisaput (High)', '24.18', 'okisaput', '1709173423'),
(1750, '100091', 'profit_sharing', 'Get 14.51 USD from okisaput (High)', '14.51', 'okisaput', '1709173423'),
(1751, '100001', 'profit_sharing', 'Get 9.67 USD from okisaput (High)', '9.67', 'okisaput', '1709173423'),
(1752, '100001', 'profit_sharing', 'Get 9.67 USD from okisaput (High)', '9.67', 'okisaput', '1709173423'),
(1753, '100001', 'profit_sharing', 'Get 4.84 USD from okisaput (High)', '4.84', 'okisaput', '1709173423'),
(1754, '100093', 'profit_sharing', 'Get 58.75 USD from Miketob45 (High)', '58.75', 'Miketob45', '1709173423'),
(1755, '100091', 'profit_sharing', 'Get 35.25 USD from Miketob45 (High)', '35.25', 'Miketob45', '1709173423'),
(1756, '100001', 'profit_sharing', 'Get 23.5 USD from Miketob45 (High)', '23.5', 'Miketob45', '1709173423'),
(1757, '100001', 'profit_sharing', 'Get 23.5 USD from Miketob45 (High)', '23.5', 'Miketob45', '1709173423'),
(1758, '100001', 'profit_sharing', 'Get 11.75 USD from Miketob45 (High)', '11.75', 'Miketob45', '1709173423'),
(1759, '100001', 'profit_sharing', 'Get 1.86 USD from company (High)', '1.86', 'company', '1709173423'),
(1760, '100001', 'profit_sharing', 'Get 1.11 USD from company (High)', '1.11', 'company', '1709173423'),
(1761, '100001', 'profit_sharing', 'Get 0.74 USD from company (High)', '0.74', 'company', '1709173423'),
(1762, '100001', 'profit_sharing', 'Get 0.74 USD from company (High)', '0.74', 'company', '1709173423'),
(1763, '100001', 'profit_sharing', 'Get 0.37 USD from company (High)', '0.37', 'company', '1709173423');

-- --------------------------------------------------------

--
-- Table structure for table `idr`
--

CREATE TABLE `idr` (
  `uid` int NOT NULL,
  `fund` varchar(1000) NOT NULL,
  `date_modify` varchar(1000) NOT NULL
) ENGINE=InnoDB DEFAULT CHARSET=latin1;

--
-- Dumping data for table `idr`
--

INSERT INTO `idr` (`uid`, `fund`, `date_modify`) VALUES
(100079, '0', '1642327647'),
(100080, '0', '1642327837'),
(100081, '0', '1642327968'),
(100082, '0', '1642327972'),
(100083, '0', '1642328261'),
(100084, '0', '1642328282'),
(100085, '0', '1642328342'),
(100086, '0', '1642328449'),
(100087, '0', '1642328494'),
(100088, '0', '1642328584'),
(100089, '0', '1642328711'),
(100090, '0', '1642328922'),
(100091, '0', '1642333445'),
(100092, '0', '1642334164'),
(100093, '0', '1642334181'),
(100094, '0', '1642334676'),
(100095, '0', '1642334912'),
(100096, '0', '1642335153'),
(100097, '0', '1642335157'),
(100098, '0', '1642335703'),
(100099, '0', '1642335765'),
(100100, '0', '1642335874'),
(100101, '0', '1642336130'),
(100102, '0', '1642336276'),
(100103, '0', '1642336736'),
(100104, '0', '1642340695'),
(100105, '0', '1642353244'),
(100106, '0', '1642369570'),
(100107, '0', '1642393990'),
(100108, '0', '1642394067'),
(100109, '0', '1642394139'),
(100110, '0', '1642394215'),
(100111, '0', '1642395137'),
(100112, '0', '1642412920'),
(100113, '0', '1642414291'),
(100114, '0', '1642419514'),
(100115, '0', '1642496516'),
(100116, '0', '1642510671'),
(100117, '0', '1642510975'),
(100118, '0', '1642513328'),
(100119, '0', '1642514248'),
(100120, '0', '1642517089'),
(100121, '0', '1642570642'),
(100122, '0', '1642570712'),
(100123, '0', '1642570811'),
(100124, '0', '1642571018'),
(100125, '0', '1642571202'),
(100126, '0', '1642571302'),
(100127, '0', '1642571422'),
(100128, '0', '1642571735'),
(100129, '0', '1642572967'),
(100130, '0', '1642586141'),
(100131, '0', '1642597715'),
(100132, '0', '1642598213'),
(100133, '0', '1642598691'),
(100134, '0', '1642604380'),
(100135, '0', '1642664206'),
(100136, '0', '1642671284'),
(100137, '0', '1642751500'),
(100138, '0', '1642753535'),
(100139, '0', '1642754403'),
(100140, '0', '1642781168'),
(100141, '0', '1642838775'),
(100142, '0', '1642842092'),
(100143, '0', '1642862242'),
(100144, '0', '1643023186'),
(100145, '0', '1643116825'),
(100146, '0', '1643132687'),
(100147, '0', '1643191445'),
(100148, '0', '1643272111'),
(100149, '0', '1643299353'),
(100150, '0', '1643335351'),
(100151, '0', '1643362127'),
(100152, '0', '1643362231'),
(100153, '0', '1643666326'),
(100154, '0', '1643761374'),
(100155, '0', '1643805424'),
(100156, '0', '1643811656'),
(100157, '0', '1643886635'),
(100158, '0', '1643985890'),
(100159, '0', '1644074201'),
(100160, '0', '1644114641'),
(100161, '0', '1644276407');

-- --------------------------------------------------------

--
-- Table structure for table `manager`
--

CREATE TABLE `manager` (
  `id` int NOT NULL,
  `type` enum('Low','High') NOT NULL,
  `name` varchar(100) NOT NULL,
  `manager_balance` varchar(1000) NOT NULL,
  `img` varchar(100) NOT NULL,
  `title` varchar(100) NOT NULL,
  `gain` varchar(111) NOT NULL,
  `win` varchar(11) NOT NULL,
  `lose` varchar(11) NOT NULL,
  `status` enum('Active','Close') NOT NULL
) ENGINE=InnoDB DEFAULT CHARSET=latin1;

--
-- Dumping data for table `manager`
--

INSERT INTO `manager` (`id`, `type`, `name`, `manager_balance`, `img`, `title`, `gain`, `win`, `lose`, `status`) VALUES
(1, 'Low', 'Chain_Sniper', '1025.59', 'sniper.jpg', 'Pro Trader Terkini', '1000', '1000', '50', 'Close'),
(3, 'High', 'BullTrade', '9960.92', 'bull_trade.jpg', 'Pro Trader Terkini', '1000', '1000', '30', 'Close');

-- --------------------------------------------------------

--
-- Table structure for table `package`
--

CREATE TABLE `package` (
  `package_id` int NOT NULL,
  `deposit` varchar(100) NOT NULL,
  `price` varchar(111) NOT NULL,
  `sharing` varchar(111) NOT NULL,
  `bonus_sponsor` varchar(111) NOT NULL,
  `bonus_leveling` int NOT NULL,
  `pack_name` varchar(111) NOT NULL,
  `img` varchar(111) NOT NULL
) ENGINE=InnoDB DEFAULT CHARSET=latin1;

-- --------------------------------------------------------

--
-- Table structure for table `profit_sharing`
--

CREATE TABLE `profit_sharing` (
  `id` int NOT NULL,
  `uid` varchar(1000) NOT NULL,
  `fund` varchar(1000) NOT NULL,
  `limitation` varchar(1000) NOT NULL,
  `modified_date` varchar(1000) NOT NULL
) ENGINE=InnoDB DEFAULT CHARSET=latin1;

--
-- Dumping data for table `profit_sharing`
--

INSERT INTO `profit_sharing` (`id`, `uid`, `fund`, `limitation`, `modified_date`) VALUES
(6, '100001', '16551.440000000017', '2000', '1640017796'),
(20, '100079', '1148.54', '2000', '1640017796'),
(21, '100080', '530.12', '2000', '1640017796'),
(22, '100081', '574.2699999999999', '2000', '1640017796'),
(23, '100082', '441.75', '2000', '1640017796'),
(24, '100083', '353.38', '2000', '1640017796'),
(25, '100084', '530.12', '2000', '1640017796'),
(26, '100085', '220.87', '2000', '1640017796'),
(27, '100086', '441.75', '2000', '1640017796'),
(28, '100087', '0', '2000', '1640017796'),
(29, '100088', '353.38', '2000', '1640017796'),
(30, '100089', '220.87', '2000', '1640017796'),
(31, '100090', '0', '2000', '1640017796'),
(32, '100091', '5442.8899999999985', '2000', '1640017796'),
(33, '100092', '139.95', '2000', '1640017796'),
(34, '100093', '188.97', '2000', '1640017796'),
(35, '100094', '18.33', '2000', '1640017796'),
(36, '100095', '1507.68', '1990', '1640017796'),
(37, '100096', '1133.62', '2000', '1640017796'),
(38, '100097', '0', '2000', '1640017796'),
(39, '100098', '0', '2000', '1640017796'),
(40, '100099', '0', '2000', '1640017796'),
(41, '100100', '0', '2000', '1640017796'),
(42, '100101', '0', '2000', '1640017796'),
(43, '100102', '0', '2000', '1640017796'),
(44, '100103', '0', '2000', '1640017796'),
(45, '100104', '44.56', '2000', '1640017796'),
(46, '100105', '0', '2000', '1640017796'),
(47, '100106', '0', '2000', '1640017796'),
(48, '100107', '0', '2000', '1640017796'),
(49, '100108', '0', '2000', '1640017796'),
(50, '100109', '0', '2000', '1640017796'),
(51, '100110', '0', '2000', '1640017796'),
(52, '100111', '0', '2000', '1640017796'),
(53, '100112', '0', '2000', '1640017796'),
(54, '100113', '0', '2000', '1640017796'),
(55, '100114', '0', '2000', '1640017796'),
(56, '100115', '0', '2000', '1640017796'),
(57, '10011111', '0', '2000', '1640017796'),
(58, '1001111111', '0', '2000', '1640017796'),
(59, '100116', '0', '2000', '1642510671'),
(60, '100117', '0', '2000', '1642510975'),
(61, '100118', '0', '2000', '1642513328'),
(62, '100119', '0', '2000', '1642514248'),
(63, '100120', '0', '2000', '1642517089'),
(64, '100121', '0', '2000', '1642570642'),
(65, '100122', '0', '2000', '1642570712'),
(66, '100123', '0', '2000', '1642570811'),
(67, '100124', '0', '2000', '1642571018'),
(68, '100125', '0', '2000', '1642571202'),
(69, '100126', '0', '2000', '1642571302'),
(70, '100127', '0', '2000', '1642571422'),
(71, '100128', '0', '2000', '1642571735'),
(72, '100129', '0', '2000', '1642572967'),
(73, '100130', '0', '2000', '1642586141'),
(74, '100131', '0', '2000', '1642597715'),
(75, '100132', '0', '2000', '1642598213'),
(76, '100133', '0', '2000', '1642598691'),
(77, '100134', '0', '2000', '1642604380'),
(78, '100135', '0', '2000', '1642664206'),
(79, '100136', '0', '2000', '1642671284'),
(80, '100137', '0', '2000', '1642751500'),
(81, '100138', '0', '2000', '1642753535'),
(82, '100139', '0', '2000', '1642754403'),
(83, '100140', '0', '2000', '1642781168'),
(84, '100141', '0', '2000', '1642838775'),
(85, '100142', '0', '2000', '1642842092'),
(86, '100143', '0', '2000', '1642862242'),
(87, '100144', '0', '2000', '1643023186'),
(88, '100145', '0', '2000', '1643116825'),
(89, '100146', '0', '2000', '1643132687'),
(90, '100147', '0', '2000', '1643191445'),
(91, '100148', '0', '2000', '1643272111'),
(92, '100149', '0', '2000', '1643299353'),
(93, '100150', '0', '2000', '1643335351'),
(94, '100151', '0', '2000', '1643362127'),
(95, '100152', '0', '2000', '1643362231'),
(96, '100153', '0', '2000', '1643666326'),
(97, '100154', '0', '2000', '1643761374'),
(98, '100155', '0', '2000', '1643805424'),
(99, '100156', '0', '2000', '1643811656'),
(100, '100157', '0', '2000', '1643886635'),
(101, '100158', '0', '2000', '1643985890'),
(102, '100159', '0', '2000', '1644074201'),
(103, '100160', '0', '2000', '1644114641'),
(104, '100161', '0', '2000', '1644276407');

-- --------------------------------------------------------

--
-- Table structure for table `rate`
--

CREATE TABLE `rate` (
  `id` int NOT NULL,
  `type` enum('Buy','Sell') NOT NULL,
  `amount` varchar(1000) NOT NULL,
  `date_modify` varchar(1000) NOT NULL
) ENGINE=InnoDB DEFAULT CHARSET=latin1;

--
-- Dumping data for table `rate`
--

INSERT INTO `rate` (`id`, `type`, `amount`, `date_modify`) VALUES
(3, 'Buy', '14000', '111111'),
(4, 'Sell', '12500', '111111');

-- --------------------------------------------------------

--
-- Table structure for table `request`
--

CREATE TABLE `request` (
  `id` int NOT NULL,
  `userid` varchar(111) NOT NULL,
  `type` enum('Buy','Sell','Withdraw','Deposit') NOT NULL,
  `package_id` varchar(111) NOT NULL,
  `amount` varchar(111) NOT NULL,
  `status` enum('Success','Pending','Canceled') NOT NULL,
  `description` varchar(111) NOT NULL,
  `ad_id` varchar(111) NOT NULL,
  `date` varchar(111) NOT NULL
) ENGINE=InnoDB DEFAULT CHARSET=latin1;

--
-- Dumping data for table `request`
--

INSERT INTO `request` (`id`, `userid`, `type`, `package_id`, `amount`, `status`, `description`, `ad_id`, `date`) VALUES
(1, '100159', 'Deposit', '0', '50', 'Success', 'FROM USDT', '1', '1644082011');

-- --------------------------------------------------------

--
-- Table structure for table `reset`
--

CREATE TABLE `reset` (
  `id` int NOT NULL,
  `uid` int NOT NULL,
  `token` varchar(1000) NOT NULL,
  `date_created` varchar(1000) NOT NULL,
  `date_verify` varchar(1000) NOT NULL
) ENGINE=InnoDB DEFAULT CHARSET=latin1;

--
-- Dumping data for table `reset`
--

INSERT INTO `reset` (`id`, `uid`, `token`, `date_created`, `date_verify`) VALUES
(2, 10001, '7f41cb6b02ba939d27d5e5c49565cbf5', '1639833039', '1639851525'),
(4, 10001, '6863d46b38565fd15856f62818c3c7ef', '1639852640', '1639852776'),
(5, 10001, 'f873709e4f5f06afe6644264419d2dcd', '1639852765', ''),
(6, 10001, '113803e2194b522d2761817454be8cac', '1639852853', ''),
(7, 10001, 'fa07172d2013785d0b5e7f2bd10e0fcb', '1639860066', ''),
(8, 10002, '7dc88375bd26b65b5d5cfda32d163b3f', '1639987136', '1639987157'),
(9, 10005, 'd4e9c425feb055cbc8933120c626c406', '1640016842', ''),
(10, 100047, '6a98c13961e4c69b6748da1a3dcfad0b', '1641861596', '1641861663'),
(11, 100047, '756e86efdf740528e31b4d800a9c4bcb', '1641861600', ''),
(12, 100121, '8b983031b3f8da8ebbed2510bf4e277f', '1642599646', ''),
(13, 100110, '6183335c795f0050fab58af2fb4d7120', '1642606413', '1642606442'),
(14, 100109, '02b2183fbf233b8a7b91ee533e4375bc', '1642691289', '1642691395'),
(15, 100107, '8d2512b93734088b3e0f7f05e9b55b72', '1642989797', '1642989835'),
(16, 100107, 'e5d4ad11deab8ebfc76c2fbb6ba51d47', '1642989801', '');

-- --------------------------------------------------------

--
-- Table structure for table `routes`
--

CREATE TABLE `routes` (
  `id` int NOT NULL,
  `path` text NOT NULL,
  `is_auth` tinyint(1) NOT NULL DEFAULT '0',
  `is_guest` tinyint(1) NOT NULL DEFAULT '0',
  `type` enum('control','view','all') NOT NULL DEFAULT 'all'
) ENGINE=InnoDB DEFAULT CHARSET=latin1;

--
-- Dumping data for table `routes`
--

INSERT INTO `routes` (`id`, `path`, `is_auth`, `is_guest`, `type`) VALUES
(1, 'login', 0, 1, 'all'),
(2, 'register', 0, 1, 'all'),
(3, 'exchanger', 1, 0, 'all'),
(4, 'copytrade', 1, 0, 'view'),
(5, 'buy', 1, 0, 'all'),
(6, 'sell', 1, 0, 'all'),
(7, 'transfer', 1, 0, 'all'),
(8, 'history', 1, 0, 'all'),
(9, 'setting', 1, 0, 'all'),
(10, 'trading_account', 1, 0, 'all'),
(11, 'add_idr', 1, 0, 'all'),
(12, 'reset_pass', 1, 0, 'all'),
(13, 'password_reset', 1, 0, 'all'),
(14, 'follow', 1, 0, 'control'),
(15, 'reset', 0, 1, 'control'),
(16, 'buy_usd', 1, 0, 'all'),
(17, 'sell_usd', 1, 0, 'all'),
(18, 'transfer_account', 1, 0, 'all'),
(19, 'take_balance', 1, 0, 'all'),
(20, 'change_bank', 1, 0, 'all'),
(21, 'unfollow', 1, 0, 'all'),
(22, 'withdraw_idr', 1, 0, 'all'),
(23, 'support', 1, 0, 'all'),
(24, 'msg', 1, 0, 'all'),
(25, 'send_message', 1, 0, 'all'),
(26, 'create_message', 1, 0, 'all'),
(27, 'transfer_profit', 1, 0, 'all'),
(28, 'change_pp', 1, 0, 'all'),
(29, 'trading_view', 1, 0, 'all'),
(30, 'finalization', 1, 0, 'all'),
(31, 'check_usdt', 1, 0, 'control');

-- --------------------------------------------------------

--
-- Table structure for table `support_id`
--

CREATE TABLE `support_id` (
  `id` int NOT NULL,
  `uid` varchar(1000) NOT NULL,
  `status` enum('Open','Close') NOT NULL,
  `date` varchar(1000) NOT NULL
) ENGINE=InnoDB DEFAULT CHARSET=latin1;

--
-- Dumping data for table `support_id`
--

INSERT INTO `support_id` (`id`, `uid`, `status`, `date`) VALUES
(1, '100146', 'Open', '1643753026');

-- --------------------------------------------------------

--
-- Table structure for table `support_msg`
--

CREATE TABLE `support_msg` (
  `aidi` int NOT NULL,
  `id` varchar(255) NOT NULL,
  `send` varchar(1000) NOT NULL,
  `receive` varchar(1000) NOT NULL,
  `text` text NOT NULL,
  `date` varchar(1000) NOT NULL
) ENGINE=InnoDB DEFAULT CHARSET=latin1;

--
-- Dumping data for table `support_msg`
--

INSERT INTO `support_msg` (`aidi`, `id`, `send`, `receive`, `text`, `date`) VALUES
(1, '1', '100146', 'Admin', 'i wanna transfer in my account to oanda wallet but i cant do it. are my account is demo balance or what ? because i wanna trade using oanda platform', '1643753026');

-- --------------------------------------------------------

--
-- Table structure for table `token`
--

CREATE TABLE `token` (
  `id` int NOT NULL,
  `user_id` varchar(111) NOT NULL,
  `token` varchar(111) NOT NULL,
  `refresh_date` varchar(111) NOT NULL
) ENGINE=InnoDB DEFAULT CHARSET=latin1;

-- --------------------------------------------------------

--
-- Table structure for table `trading_account`
--

CREATE TABLE `trading_account` (
  `id` int NOT NULL,
  `uid` varchar(100) NOT NULL,
  `account_id` varchar(100) NOT NULL,
  `type` enum('Low','High') NOT NULL,
  `balance` varchar(100) NOT NULL,
  `copy` varchar(100) NOT NULL,
  `status` varchar(11) NOT NULL
) ENGINE=InnoDB DEFAULT CHARSET=latin1;

--
-- Dumping data for table `trading_account`
--

INSERT INTO `trading_account` (`id`, `uid`, `account_id`, `type`, `balance`, `copy`, `status`) VALUES
(153, '100079', '37719460746', 'High', '4695.3', '3', '1'),
(154, '100079', '318136987941', 'Low', '1053.11', '1', '1'),
(155, '100080', '869173217718', 'High', '4695.3', '3', '1'),
(156, '100080', '812063409867', 'Low', '1053.11', '1', '1'),
(157, '100082', '256164830961', 'High', '4695.3', '3', '1'),
(158, '100082', '868741467659', 'Low', '1053.11', '1', '1'),
(159, '100081', '822220952887', 'High', '4695.3', '3', '1'),
(160, '100081', '600207951658', 'Low', '1053.11', '1', '1'),
(161, '100083', '550170208890', 'High', '4695.3', '3', '1'),
(162, '100083', '238278022727', 'Low', '1053.11', '1', '1'),
(163, '100084', '528734127652', 'High', '4695.3', '3', '1'),
(164, '100084', '971854795016', 'Low', '1053.11', '1', '1'),
(165, '100085', '444653325122', 'High', '4695.3', '3', '1'),
(166, '100085', '352441498388', 'Low', '1053.11', '1', '1'),
(167, '100086', '275061439265', 'High', '4695.3', '3', '1'),
(168, '100086', '29535323651', 'Low', '1053.11', '1', '1'),
(169, '100087', '725339605553', 'High', '4695.3', '3', '1'),
(170, '100087', '408613116631', 'Low', '1053.11', '1', '1'),
(171, '100088', '219391310337', 'High', '4695.3', '3', '1'),
(172, '100088', '70050404632', 'Low', '1053.11', '1', '1'),
(173, '100089', '786977426953', 'High', '4695.3', '3', '1'),
(174, '100089', '844639002174', 'Low', '1053.11', '1', '1'),
(175, '100090', '232590832013', 'High', '4695.3', '3', '1'),
(176, '100090', '147585020751', 'Low', '1053.11', '1', '1'),
(177, '100091', '905237375096', 'High', '50200.39', '3', '1'),
(178, '100091', '754071173045', 'Low', '0', '0', '1'),
(179, '100092', '334578450120', 'High', '9621.609999999999', '3', '1'),
(180, '100092', '252076193982', 'Low', '2551.79', '1', '1'),
(181, '100093', '267903547515', 'High', '21076.2', '3', '1'),
(182, '100093', '737388918313', 'Low', '2.98', '1', '1'),
(183, '100094', '682301163761', 'High', '7705.06', '3', '1'),
(184, '100094', '434986871996', 'Low', '2047.7499999999998', '1', '1'),
(185, '100095', '299617767904', 'High', '7705.0599999999995', '3', '1'),
(186, '100095', '214898991305', 'Low', '2047.7499999999998', '1', '1'),
(187, '100096', '517093859930', 'High', '13482.470000000001', '3', '1'),
(188, '100096', '933544998379', 'Low', '511.94', '1', '1'),
(189, '100097', '670436505615', 'High', '11171.130000000001', '3', '1'),
(190, '100097', '601695547748', 'Low', '2969.2500000000005', '1', '1'),
(191, '100101', '162655228446', 'High', '20985.699999999997', '3', '1'),
(192, '100101', '223367053722', 'Low', '0', '0', '1'),
(193, '100103', '495363628521', 'High', '395.72999999999996', '3', '1'),
(194, '100103', '725656115231', 'Low', '0', '0', '1'),
(195, '100104', '472013137429', 'High', '3691.9399999999996', '3', '1'),
(196, '100104', '182343126146', 'Low', '995.78', '1', '1'),
(197, '100105', '713883010541', 'High', '9353.440000000002', '3', '1'),
(198, '100105', '915987328773', 'Low', '2509.84', '1', '1'),
(199, '100107', '920617419335', 'High', '1441.35', '3', '1'),
(200, '100107', '413409460892', 'Low', '0', '0', '1'),
(201, '100110', '638343952155', 'High', '193.05', '3', '1'),
(202, '100110', '352474259244', 'Low', '0', '0', '1'),
(203, '100111', '857626807697', 'High', '24441.7', '3', '1'),
(204, '100111', '122279531504', 'Low', '0', '1', '1'),
(205, '100108', '634081280855', 'High', '1047.45', '3', '1'),
(206, '100108', '999280503442', 'Low', '0', '0', '1'),
(207, '100109', '83910547919', 'High', '193.05', '3', '1'),
(208, '100109', '106123264657', 'Low', '0', '0', '1'),
(209, '100102', '945565138596', 'High', '384.54', '3', '1'),
(210, '100102', '87726218903', 'Low', '0', '1', '1'),
(211, '100100', '190105278325', 'High', '1233.08', '3', '1'),
(212, '100100', '278327631339', 'Low', '0', '1', '1'),
(213, '100098', '290930512120', 'High', '0', '0', '1'),
(214, '100098', '733094279834', 'Low', '0', '0', '1'),
(215, '100106', '157734676669', 'High', '0', '0', '1'),
(216, '100106', '890948982487', 'Low', '0', '0', '1'),
(217, '100112', '392253835267', 'High', '0', '3', '1'),
(218, '100112', '105420733399', 'Low', '1122.17', '1', '1'),
(219, '100113', '212751531105', 'High', '1344.23', '3', '1'),
(220, '100113', '890488956024', 'Low', '0', '1', '1'),
(221, '100118', '365784086461', 'High', '954.04', '3', '1'),
(222, '100118', '510617253334', 'Low', '264.63', '1', '1'),
(223, '100119', '585317031035', 'High', '510', '0', '1'),
(224, '100119', '194670928936', 'Low', '0', '0', '1'),
(225, '100117', '894603960044', 'High', '0', '0', '1'),
(226, '100117', '607219961722', 'Low', '0', '0', '1'),
(227, '100120', '673790942794', 'High', '0', '0', '1'),
(228, '100120', '932869749697', 'Low', '0', '1', '1'),
(229, '100116', '840530099632', 'High', '1691.3899999999999', '3', '1'),
(230, '100116', '581196069271', 'Low', '0', '0', '1'),
(231, '100114', '548055544267', 'High', '0', '0', '1'),
(232, '100114', '953304070669', 'Low', '0', '0', '1'),
(233, '100115', '667023658746', 'High', '0', '0', '1'),
(234, '100115', '667432387922', 'Low', '0', '1', '1'),
(235, '100130', '529270452417', 'High', '0', '0', '1'),
(236, '100130', '141013259645', 'Low', '0', '0', '1'),
(237, '100125', '303054465184', 'High', '0', '0', '1'),
(238, '100125', '323209259996', 'Low', '0', '0', '1'),
(239, '100131', '400939279854', 'High', '0', '0', '1'),
(240, '100131', '53935830730', 'Low', '0', '0', '1'),
(241, '100132', '657627597268', 'High', '0', '0', '1'),
(242, '100132', '514504552115', 'Low', '0', '0', '1'),
(243, '100126', '722796884014', 'High', '0', '0', '1'),
(244, '100126', '554070359738', 'Low', '0', '0', '1'),
(245, '100127', '261571116547', 'High', '0', '0', '1'),
(246, '100127', '421495897272', 'Low', '0', '0', '1'),
(247, '100133', '355973695041', 'High', '0', '0', '1'),
(248, '100133', '170666527253', 'Low', '0', '0', '1'),
(249, '100124', '67746806812', 'High', '0', '0', '1'),
(250, '100124', '565576229954', 'Low', '0', '0', '1'),
(251, '100121', '342454186384', 'High', '0', '0', '1'),
(252, '100121', '47764504009', 'Low', '0', '0', '1'),
(253, '100134', '571568490632', 'High', '0', '0', '1'),
(254, '100134', '802871863128', 'Low', '0', '0', '1'),
(255, '100135', '126862567325', 'High', '0', '0', '1'),
(256, '100135', '66221100413', 'Low', '0', '0', '1'),
(257, '100137', '966353544201', 'High', '0', '0', '1'),
(258, '100137', '259257584240', 'Low', '0', '1', '1'),
(259, '100138', '840574685934', 'High', '0', '0', '1'),
(260, '100138', '790035603955', 'Low', '501.97', '1', '1'),
(261, '100139', '469162929988', 'High', '0', '0', '1'),
(262, '100139', '305464614351', 'Low', '0', '0', '1'),
(263, '100140', '142500290105', 'High', '0', '0', '1'),
(264, '100140', '243525844958', 'Low', '0', '0', '1'),
(265, '100141', '574386703526', 'High', '0', '0', '1'),
(266, '100141', '237420146748', 'Low', '0', '0', '1'),
(267, '100142', '122240196914', 'High', '0', '0', '1'),
(268, '100142', '217182140746', 'Low', '0', '0', '1'),
(269, '100143', '418342145980', 'High', '0', '0', '1'),
(270, '100143', '314809191024', 'Low', '0', '0', '1'),
(271, '100145', '32351873370', 'High', '0', '0', '1'),
(272, '100145', '63145102193', 'Low', '0', '0', '1'),
(273, '100146', '625055915424', 'High', '4109.920000000001', '3', '1'),
(274, '100146', '680269139547', 'Low', '0.24000000000001', '1', '1'),
(275, '100147', '330166067065', 'High', '0', '0', '1'),
(276, '100147', '264402524529', 'Low', '0', '0', '1'),
(277, '100148', '407511872959', 'High', '0', '3', '1'),
(278, '100148', '497452314138', 'Low', '0', '0', '1'),
(279, '100149', '571426676846', 'High', '0', '0', '1'),
(280, '100149', '680991898059', 'Low', '0', '0', '1'),
(281, '100150', '853323597263', 'High', '0', '0', '1'),
(282, '100150', '678977915531', 'Low', '0', '0', '1'),
(283, '100152', '356847085204', 'High', '0', '0', '1'),
(284, '100152', '201187416697', 'Low', '0', '0', '1'),
(285, '100001', '174269992718', 'High', '129.72', '3', '1'),
(286, '100001', '252785740186', 'Low', '0', '0', '1'),
(287, '100154', '751573294650', 'High', '0', '0', '1'),
(288, '100154', '664180489503', 'Low', '0', '0', '1'),
(289, '100155', '160392272280', 'High', '0', '0', '1'),
(290, '100155', '652020681827', 'Low', '0', '0', '1'),
(291, '100156', '968284467937', 'High', '0', '0', '1'),
(292, '100156', '271466544902', 'Low', '0', '0', '1'),
(293, '100157', '582354964143', 'High', '0', '0', '1'),
(294, '100157', '665266509279', 'Low', '0', '0', '1'),
(295, '100158', '976358096687', 'High', '0', '0', '1'),
(296, '100158', '80833758867', 'Low', '0', '0', '1'),
(297, '100159', '27084875434', 'High', '49.5', '3', '1'),
(298, '100159', '941962563829', 'Low', '0', '0', '1');

-- --------------------------------------------------------

--
-- Table structure for table `trading_history`
--

CREATE TABLE `trading_history` (
  `id` int NOT NULL,
  `m_id` varchar(100) NOT NULL,
  `account_id` varchar(111) NOT NULL,
  `market` varchar(100) NOT NULL,
  `value` varchar(100) NOT NULL,
  `type` enum('Buy','Sell') NOT NULL,
  `open_position` varchar(100) NOT NULL,
  `close_position` varchar(100) NOT NULL,
  `gain` varchar(100) NOT NULL,
  `percentage` varchar(100) NOT NULL,
  `date` varchar(111) NOT NULL,
  `status` enum('Active','Close') NOT NULL
) ENGINE=InnoDB DEFAULT CHARSET=latin1;

--
-- Dumping data for table `trading_history`
--

INSERT INTO `trading_history` (`id`, `m_id`, `account_id`, `market`, `value`, `type`, `open_position`, `close_position`, `gain`, `percentage`, `date`, `status`) VALUES
(1, '3', '37719460746', 'EUR/USD', '0.05', 'Buy', '1.33334', '1.33440', '5.3', '0.08', '1642330932', 'Close'),
(2, '3', '869173217718', 'EUR/USD', '0.05', 'Buy', '1.33334', '1.33440', '5.3', '0.08', '1642330932', 'Close'),
(3, '3', '256164830961', 'EUR/USD', '0.05', 'Buy', '1.33334', '1.33440', '5.3', '0.08', '1642330932', 'Close'),
(4, '3', '822220952887', 'EUR/USD', '0.05', 'Buy', '1.33334', '1.33440', '5.3', '0.08', '1642330932', 'Close'),
(5, '3', '550170208890', 'EUR/USD', '0.05', 'Buy', '1.33334', '1.33440', '5.3', '0.08', '1642330932', 'Close'),
(6, '3', '528734127652', 'EUR/USD', '0.05', 'Buy', '1.33334', '1.33440', '5.3', '0.08', '1642330932', 'Close'),
(7, '3', '444653325122', 'EUR/USD', '0.05', 'Buy', '1.33334', '1.33440', '5.3', '0.08', '1642330932', 'Close'),
(8, '3', '275061439265', 'EUR/USD', '0.05', 'Buy', '1.33334', '1.33440', '5.3', '0.08', '1642330932', 'Close'),
(9, '3', '725339605553', 'EUR/USD', '0.05', 'Buy', '1.33334', '1.33440', '5.3', '0.08', '1642330932', 'Close'),
(10, '3', '219391310337', 'EUR/USD', '0.05', 'Buy', '1.33334', '1.33440', '5.3', '0.08', '1642330932', 'Close'),
(11, '3', '786977426953', 'EUR/USD', '0.05', 'Buy', '1.33334', '1.33440', '5.3', '0.08', '1642330932', 'Close'),
(12, '3', '232590832013', 'EUR/USD', '0.05', 'Buy', '1.33334', '1.33440', '5.3', '0.08', '1642330932', 'Close'),
(13, '1', '318136987941', 'EUR/USD', '0.1021', 'Buy', '1.33334', '1.33440', '10.82', '0.08', '1642331009', 'Close'),
(14, '1', '812063409867', 'EUR/USD', '0.1021', 'Buy', '1.33334', '1.33440', '10.82', '0.08', '1642331009', 'Close'),
(15, '1', '868741467659', 'EUR/USD', '0.1021', 'Buy', '1.33334', '1.33440', '10.82', '0.08', '1642331009', 'Close'),
(16, '1', '600207951658', 'EUR/USD', '0.1021', 'Buy', '1.33334', '1.33440', '10.82', '0.08', '1642331009', 'Close'),
(17, '1', '238278022727', 'EUR/USD', '0.1021', 'Buy', '1.33334', '1.33440', '10.82', '0.08', '1642331009', 'Close'),
(18, '1', '971854795016', 'EUR/USD', '0.1021', 'Buy', '1.33334', '1.33440', '10.82', '0.08', '1642331009', 'Close'),
(19, '1', '352441498388', 'EUR/USD', '0.1021', 'Buy', '1.33334', '1.33440', '10.82', '0.08', '1642331009', 'Close'),
(20, '1', '29535323651', 'EUR/USD', '0.1021', 'Buy', '1.33334', '1.33440', '10.82', '0.08', '1642331009', 'Close'),
(21, '1', '408613116631', 'EUR/USD', '0.1021', 'Buy', '1.33334', '1.33440', '10.82', '0.08', '1642331009', 'Close'),
(22, '1', '70050404632', 'EUR/USD', '0.1021', 'Buy', '1.33334', '1.33440', '10.82', '0.08', '1642331009', 'Close'),
(23, '1', '844639002174', 'EUR/USD', '0.1021', 'Buy', '1.33334', '1.33440', '10.82', '0.08', '1642331009', 'Close'),
(24, '1', '147585020751', 'EUR/USD', '0.1021', 'Buy', '1.33334', '1.33440', '10.82', '0.08', '1642331009', 'Close'),
(106, '3', '37719460746', 'EUR/USD', '0.1219', 'Buy', '1.13380', '1.14580', '14.63', '1.05', '1642699934', 'Close'),
(107, '3', '869173217718', 'EUR/USD', '0.1219', 'Buy', '1.13380', '1.14580', '14.63', '1.05', '1642699934', 'Close'),
(108, '3', '256164830961', 'EUR/USD', '0.1219', 'Buy', '1.13380', '1.14580', '14.63', '1.05', '1642699934', 'Close'),
(109, '3', '822220952887', 'EUR/USD', '0.1219', 'Buy', '1.13380', '1.14580', '14.63', '1.05', '1642699934', 'Close'),
(110, '3', '550170208890', 'EUR/USD', '0.1219', 'Buy', '1.13380', '1.14580', '14.63', '1.05', '1642699934', 'Close'),
(111, '3', '528734127652', 'EUR/USD', '0.1219', 'Buy', '1.13380', '1.14580', '14.63', '1.05', '1642699934', 'Close'),
(112, '3', '444653325122', 'EUR/USD', '0.1219', 'Buy', '1.13380', '1.14580', '14.63', '1.05', '1642699934', 'Close'),
(113, '3', '275061439265', 'EUR/USD', '0.1219', 'Buy', '1.13380', '1.14580', '14.63', '1.05', '1642699934', 'Close'),
(114, '3', '725339605553', 'EUR/USD', '0.1219', 'Buy', '1.13380', '1.14580', '14.63', '1.05', '1642699934', 'Close'),
(115, '3', '219391310337', 'EUR/USD', '0.1219', 'Buy', '1.13380', '1.14580', '14.63', '1.05', '1642699934', 'Close'),
(116, '3', '786977426953', 'EUR/USD', '0.1219', 'Buy', '1.13380', '1.14580', '14.63', '1.05', '1642699934', 'Close'),
(117, '3', '232590832013', 'EUR/USD', '0.1219', 'Buy', '1.13380', '1.14580', '14.63', '1.05', '1642699934', 'Close'),
(118, '3', '334578450120', 'EUR/USD', '0.3', 'Buy', '1.13380', '1.14580', '36', '1.05', '1642699934', 'Close'),
(119, '3', '267903547515', 'EUR/USD', '0.45', 'Buy', '1.13380', '1.14580', '54', '1.05', '1642699934', 'Close'),
(120, '3', '682301163761', 'EUR/USD', '0.2', 'Buy', '1.13380', '1.14580', '24', '1.05', '1642699934', 'Close'),
(121, '3', '299617767904', 'EUR/USD', '0.2', 'Buy', '1.13380', '1.14580', '24', '1.05', '1642699934', 'Close'),
(122, '3', '517093859930', 'EUR/USD', '0.35', 'Buy', '1.13380', '1.14580', '42', '1.05', '1642699934', 'Close'),
(123, '3', '670436505615', 'EUR/USD', '0.29', 'Buy', '1.13380', '1.14580', '34.8', '1.05', '1642699934', 'Close'),
(124, '3', '495363628521', 'EUR/USD', '0.0103', 'Buy', '1.13380', '1.14580', '1.24', '1.05', '1642699934', 'Close'),
(125, '3', '920617419335', 'EUR/USD', '0.0374', 'Buy', '1.13380', '1.14580', '4.49', '1.05', '1642699934', 'Close'),
(126, '3', '638343952155', 'EUR/USD', '0.005', 'Buy', '1.13380', '1.14580', '0.6', '1.05', '1642699934', 'Close'),
(127, '3', '857626807697', 'EUR/USD', '0.6345', 'Buy', '1.13380', '1.14580', '76.14', '1.05', '1642699934', 'Close'),
(128, '3', '634081280855', 'EUR/USD', '0.0272', 'Buy', '1.13380', '1.14580', '3.26', '1.05', '1642699934', 'Close'),
(129, '3', '83910547919', 'EUR/USD', '0.005', 'Buy', '1.13380', '1.14580', '0.6', '1.05', '1642699934', 'Close'),
(130, '3', '945565138596', 'EUR/USD', '0.01', 'Buy', '1.13380', '1.14580', '1.2', '1.05', '1642699934', 'Close'),
(131, '3', '190105278325', 'EUR/USD', '0.032', 'Buy', '1.13380', '1.14580', '3.84', '1.05', '1642699934', 'Close'),
(132, '3', '212751531105', 'EUR/USD', '0.0401', 'Buy', '1.13380', '1.14580', '4.81', '1.05', '1642699934', 'Close'),
(133, '1', '318136987941', 'EUR/USD', '0.1029', 'Buy', '1.13420', '1.14271', '8.76', '0.74', '1642700177', 'Close'),
(134, '1', '812063409867', 'EUR/USD', '0.1029', 'Buy', '1.13420', '1.14271', '8.76', '0.74', '1642700177', 'Close'),
(135, '1', '868741467659', 'EUR/USD', '0.1029', 'Buy', '1.13420', '1.14271', '8.76', '0.74', '1642700177', 'Close'),
(136, '1', '600207951658', 'EUR/USD', '0.1029', 'Buy', '1.13420', '1.14271', '8.76', '0.74', '1642700177', 'Close'),
(137, '1', '238278022727', 'EUR/USD', '0.1029', 'Buy', '1.13420', '1.14271', '8.76', '0.74', '1642700177', 'Close'),
(138, '1', '971854795016', 'EUR/USD', '0.1029', 'Buy', '1.13420', '1.14271', '8.76', '0.74', '1642700177', 'Close'),
(139, '1', '352441498388', 'EUR/USD', '0.1029', 'Buy', '1.13420', '1.14271', '8.76', '0.74', '1642700177', 'Close'),
(140, '1', '29535323651', 'EUR/USD', '0.1029', 'Buy', '1.13420', '1.14271', '8.76', '0.74', '1642700177', 'Close'),
(141, '1', '408613116631', 'EUR/USD', '0.1029', 'Buy', '1.13420', '1.14271', '8.76', '0.74', '1642700177', 'Close'),
(142, '1', '70050404632', 'EUR/USD', '0.1029', 'Buy', '1.13420', '1.14271', '8.76', '0.74', '1642700177', 'Close'),
(143, '1', '844639002174', 'EUR/USD', '0.1029', 'Buy', '1.13420', '1.14271', '8.76', '0.74', '1642700177', 'Close'),
(144, '1', '147585020751', 'EUR/USD', '0.1029', 'Buy', '1.13420', '1.14271', '8.76', '0.74', '1642700177', 'Close'),
(145, '1', '252076193982', 'EUR/USD', '0.12', 'Buy', '1.13420', '1.14271', '10.21', '0.74', '1642700177', 'Close'),
(146, '1', '737388918313', 'EUR/USD', '0.05', 'Buy', '1.13420', '1.14271', '4.25', '0.74', '1642700177', 'Close'),
(147, '1', '434986871996', 'EUR/USD', '0.2', 'Buy', '1.13420', '1.14271', '17.02', '0.74', '1642700177', 'Close'),
(148, '1', '214898991305', 'EUR/USD', '0.2', 'Buy', '1.13420', '1.14271', '17.02', '0.74', '1642700177', 'Close'),
(149, '1', '933544998379', 'EUR/USD', '0.05', 'Buy', '1.13420', '1.14271', '4.25', '0.74', '1642700177', 'Close'),
(150, '1', '601695547748', 'EUR/USD', '0.29', 'Buy', '1.13420', '1.14271', '24.68', '0.74', '1642700177', 'Close'),
(151, '1', '105420733399', 'EUR/USD', '0.1096', 'Buy', '1.13420', '1.14271', '9.33', '0.74', '1642700177', 'Close'),
(152, '3', '37719460746', 'XAU/USD', '0.1231', 'Buy', '1.13380', '1.15340', '24.13', '1.7', '1643034513', 'Close'),
(153, '3', '869173217718', 'XAU/USD', '0.1231', 'Buy', '1.13380', '1.15340', '24.13', '1.7', '1643034513', 'Close'),
(154, '3', '256164830961', 'XAU/USD', '0.1231', 'Buy', '1.13380', '1.15340', '24.13', '1.7', '1643034513', 'Close'),
(155, '3', '822220952887', 'XAU/USD', '0.1231', 'Buy', '1.13380', '1.15340', '24.13', '1.7', '1643034513', 'Close'),
(156, '3', '550170208890', 'XAU/USD', '0.1231', 'Buy', '1.13380', '1.15340', '24.13', '1.7', '1643034513', 'Close'),
(157, '3', '528734127652', 'XAU/USD', '0.1231', 'Buy', '1.13380', '1.15340', '24.13', '1.7', '1643034513', 'Close'),
(158, '3', '444653325122', 'XAU/USD', '0.1231', 'Buy', '1.13380', '1.15340', '24.13', '1.7', '1643034513', 'Close'),
(159, '3', '275061439265', 'XAU/USD', '0.1231', 'Buy', '1.13380', '1.15340', '24.13', '1.7', '1643034513', 'Close'),
(160, '3', '725339605553', 'XAU/USD', '0.1231', 'Buy', '1.13380', '1.15340', '24.13', '1.7', '1643034513', 'Close'),
(161, '3', '219391310337', 'XAU/USD', '0.1231', 'Buy', '1.13380', '1.15340', '24.13', '1.7', '1643034513', 'Close'),
(162, '3', '786977426953', 'XAU/USD', '0.1231', 'Buy', '1.13380', '1.15340', '24.13', '1.7', '1643034513', 'Close'),
(163, '3', '232590832013', 'XAU/USD', '0.1231', 'Buy', '1.13380', '1.15340', '24.13', '1.7', '1643034513', 'Close'),
(164, '3', '905237375096', 'XAU/USD', '0.1', 'Buy', '1.13380', '1.15340', '19.6', '1.7', '1643034513', 'Close'),
(165, '3', '334578450120', 'XAU/USD', '0.2522', 'Buy', '1.13380', '1.15340', '49.43', '1.7', '1643034513', 'Close'),
(166, '3', '267903547515', 'XAU/USD', '0.4543', 'Buy', '1.13380', '1.15340', '89.04', '1.7', '1643034513', 'Close'),
(167, '3', '682301163761', 'XAU/USD', '0.2019', 'Buy', '1.13380', '1.15340', '39.57', '1.7', '1643034513', 'Close'),
(168, '3', '299617767904', 'XAU/USD', '0.2019', 'Buy', '1.13380', '1.15340', '39.57', '1.7', '1643034513', 'Close'),
(169, '3', '517093859930', 'XAU/USD', '0.3534', 'Buy', '1.13380', '1.15340', '69.27', '1.7', '1643034513', 'Close'),
(170, '3', '670436505615', 'XAU/USD', '0.2928', 'Buy', '1.13380', '1.15340', '57.39', '1.7', '1643034513', 'Close'),
(171, '3', '162655228446', 'XAU/USD', '0.55', 'Buy', '1.13380', '1.15340', '107.8', '1.7', '1643034513', 'Close'),
(172, '3', '495363628521', 'XAU/USD', '0.0104', 'Buy', '1.13380', '1.15340', '2.04', '1.7', '1643034513', 'Close'),
(173, '3', '713883010541', 'XAU/USD', '0.25', 'Buy', '1.13380', '1.15340', '49', '1.7', '1643034513', 'Close'),
(174, '3', '920617419335', 'XAU/USD', '0.0378', 'Buy', '1.13380', '1.15340', '7.41', '1.7', '1643034513', 'Close'),
(175, '3', '638343952155', 'XAU/USD', '0.005', 'Buy', '1.13380', '1.15340', '0.98', '1.7', '1643034513', 'Close'),
(176, '3', '857626807697', 'XAU/USD', '0.6406', 'Buy', '1.13380', '1.15340', '125.56', '1.7', '1643034513', 'Close'),
(177, '3', '634081280855', 'XAU/USD', '0.0275', 'Buy', '1.13380', '1.15340', '5.39', '1.7', '1643034513', 'Close'),
(178, '3', '83910547919', 'XAU/USD', '0.005', 'Buy', '1.13380', '1.15340', '0.98', '1.7', '1643034513', 'Close'),
(179, '3', '945565138596', 'XAU/USD', '0.0101', 'Buy', '1.13380', '1.15340', '1.98', '1.7', '1643034513', 'Close'),
(180, '3', '190105278325', 'XAU/USD', '0.0323', 'Buy', '1.13380', '1.15340', '6.33', '1.7', '1643034513', 'Close'),
(181, '3', '212751531105', 'XAU/USD', '0.0405', 'Buy', '1.13380', '1.15340', '7.94', '1.7', '1643034513', 'Close'),
(182, '3', '365784086461', 'XAU/USD', '0.025', 'Buy', '1.13380', '1.15340', '4.9', '1.7', '1643034513', 'Close'),
(183, '1', '318136987941', 'XAU/USD', '0.1035', 'Buy', '1.13380', '1.14870', '15.42', '1.3', '1643034587', 'Close'),
(184, '1', '812063409867', 'XAU/USD', '0.1035', 'Buy', '1.13380', '1.14870', '15.42', '1.3', '1643034587', 'Close'),
(185, '1', '868741467659', 'XAU/USD', '0.1035', 'Buy', '1.13380', '1.14870', '15.42', '1.3', '1643034587', 'Close'),
(186, '1', '600207951658', 'XAU/USD', '0.1035', 'Buy', '1.13380', '1.14870', '15.42', '1.3', '1643034587', 'Close'),
(187, '1', '238278022727', 'XAU/USD', '0.1035', 'Buy', '1.13380', '1.14870', '15.42', '1.3', '1643034587', 'Close'),
(188, '1', '971854795016', 'XAU/USD', '0.1035', 'Buy', '1.13380', '1.14870', '15.42', '1.3', '1643034587', 'Close'),
(189, '1', '352441498388', 'XAU/USD', '0.1035', 'Buy', '1.13380', '1.14870', '15.42', '1.3', '1643034587', 'Close'),
(190, '1', '29535323651', 'XAU/USD', '0.1035', 'Buy', '1.13380', '1.14870', '15.42', '1.3', '1643034587', 'Close'),
(191, '1', '408613116631', 'XAU/USD', '0.1035', 'Buy', '1.13380', '1.14870', '15.42', '1.3', '1643034587', 'Close'),
(192, '1', '70050404632', 'XAU/USD', '0.1035', 'Buy', '1.13380', '1.14870', '15.42', '1.3', '1643034587', 'Close'),
(193, '1', '844639002174', 'XAU/USD', '0.1035', 'Buy', '1.13380', '1.14870', '15.42', '1.3', '1643034587', 'Close'),
(194, '1', '147585020751', 'XAU/USD', '0.1035', 'Buy', '1.13380', '1.14870', '15.42', '1.3', '1643034587', 'Close'),
(195, '1', '252076193982', 'XAU/USD', '0.2508', 'Buy', '1.13380', '1.14870', '37.37', '1.3', '1643034587', 'Close'),
(196, '1', '434986871996', 'XAU/USD', '0.2013', 'Buy', '1.13380', '1.14870', '29.99', '1.3', '1643034587', 'Close'),
(197, '1', '214898991305', 'XAU/USD', '0.2013', 'Buy', '1.13380', '1.14870', '29.99', '1.3', '1643034587', 'Close'),
(198, '1', '933544998379', 'XAU/USD', '0.0503', 'Buy', '1.13380', '1.14870', '7.49', '1.3', '1643034587', 'Close'),
(199, '1', '601695547748', 'XAU/USD', '0.2919', 'Buy', '1.13380', '1.14870', '43.49', '1.3', '1643034587', 'Close'),
(200, '1', '915987328773', 'XAU/USD', '0.2501', 'Buy', '1.13380', '1.14870', '37.26', '1.3', '1643034587', 'Close'),
(201, '1', '105420733399', 'XAU/USD', '0.1103', 'Buy', '1.13380', '1.14870', '16.43', '1.3', '1643034587', 'Close'),
(202, '1', '510617253334', 'XAU/USD', '0.026', 'Buy', '1.13380', '1.14870', '3.87', '1.3', '1643034587', 'Close'),
(296, '3', '37719460746', 'XAU/USD', '0.1254', 'Sell', '1.35334', '1.33980', '16.98', '1', '1643287056', 'Close'),
(297, '3', '869173217718', 'XAU/USD', '0.1254', 'Sell', '1.35334', '1.33980', '16.98', '1', '1643287056', 'Close'),
(298, '3', '256164830961', 'XAU/USD', '0.1254', 'Sell', '1.35334', '1.33980', '16.98', '1', '1643287056', 'Close'),
(299, '3', '822220952887', 'XAU/USD', '0.1254', 'Sell', '1.35334', '1.33980', '16.98', '1', '1643287056', 'Close'),
(300, '3', '550170208890', 'XAU/USD', '0.1254', 'Sell', '1.35334', '1.33980', '16.98', '1', '1643287056', 'Close'),
(301, '3', '528734127652', 'XAU/USD', '0.1254', 'Sell', '1.35334', '1.33980', '16.98', '1', '1643287056', 'Close'),
(302, '3', '444653325122', 'XAU/USD', '0.1254', 'Sell', '1.35334', '1.33980', '16.98', '1', '1643287056', 'Close'),
(303, '3', '275061439265', 'XAU/USD', '0.1254', 'Sell', '1.35334', '1.33980', '16.98', '1', '1643287056', 'Close'),
(304, '3', '725339605553', 'XAU/USD', '0.1254', 'Sell', '1.35334', '1.33980', '16.98', '1', '1643287056', 'Close'),
(305, '3', '219391310337', 'XAU/USD', '0.1254', 'Sell', '1.35334', '1.33980', '16.98', '1', '1643287056', 'Close'),
(306, '3', '786977426953', 'XAU/USD', '0.1254', 'Sell', '1.35334', '1.33980', '16.98', '1', '1643287056', 'Close'),
(307, '3', '232590832013', 'XAU/USD', '0.1254', 'Sell', '1.35334', '1.33980', '16.98', '1', '1643287056', 'Close'),
(308, '3', '905237375096', 'XAU/USD', '1.5016', 'Sell', '1.35334', '1.33980', '203.32', '1', '1643287056', 'Close'),
(309, '3', '334578450120', 'XAU/USD', '0.257', 'Sell', '1.35334', '1.33980', '34.8', '1', '1643287056', 'Close'),
(310, '3', '267903547515', 'XAU/USD', '0.4629', 'Sell', '1.35334', '1.33980', '62.68', '1', '1643287056', 'Close'),
(311, '3', '682301163761', 'XAU/USD', '0.2057', 'Sell', '1.35334', '1.33980', '27.85', '1', '1643287057', 'Close'),
(312, '3', '299617767904', 'XAU/USD', '0.2057', 'Sell', '1.35334', '1.33980', '27.85', '1', '1643287057', 'Close'),
(313, '3', '517093859930', 'XAU/USD', '0.3601', 'Sell', '1.35334', '1.33980', '48.76', '1', '1643287057', 'Close'),
(314, '3', '670436505615', 'XAU/USD', '0.2983', 'Sell', '1.35334', '1.33980', '40.39', '1', '1643287057', 'Close'),
(315, '3', '162655228446', 'XAU/USD', '0.5604', 'Sell', '1.35334', '1.33980', '75.88', '1', '1643287057', 'Close'),
(316, '3', '495363628521', 'XAU/USD', '0.0106', 'Sell', '1.35334', '1.33980', '1.44', '1', '1643287057', 'Close'),
(317, '3', '713883010541', 'XAU/USD', '0.2547', 'Sell', '1.35334', '1.33980', '34.49', '1', '1643287057', 'Close'),
(318, '3', '920617419335', 'XAU/USD', '0.0385', 'Sell', '1.35334', '1.33980', '5.21', '1', '1643287057', 'Close'),
(319, '3', '638343952155', 'XAU/USD', '0.0051', 'Sell', '1.35334', '1.33980', '0.69', '1', '1643287057', 'Close'),
(320, '3', '857626807697', 'XAU/USD', '0.6527', 'Sell', '1.35334', '1.33980', '88.38', '1', '1643287057', 'Close'),
(321, '3', '634081280855', 'XAU/USD', '0.028', 'Sell', '1.35334', '1.33980', '3.79', '1', '1643287057', 'Close'),
(322, '3', '83910547919', 'XAU/USD', '0.0051', 'Sell', '1.35334', '1.33980', '0.69', '1', '1643287057', 'Close'),
(323, '3', '945565138596', 'XAU/USD', '0.0103', 'Sell', '1.35334', '1.33980', '1.39', '1', '1643287057', 'Close'),
(324, '3', '190105278325', 'XAU/USD', '0.0329', 'Sell', '1.35334', '1.33980', '4.45', '1', '1643287057', 'Close'),
(325, '3', '212751531105', 'XAU/USD', '0.0413', 'Sell', '1.35334', '1.33980', '5.59', '1', '1643287057', 'Close'),
(326, '3', '365784086461', 'XAU/USD', '0.0255', 'Sell', '1.35334', '1.33980', '3.45', '1', '1643287057', 'Close'),
(327, '1', '318136987941', 'XAU/USD', '0.1046', 'Sell', '1.35334', '1.34250', '11.34', '0.8', '1643287104', 'Close'),
(328, '1', '812063409867', 'XAU/USD', '0.1046', 'Sell', '1.35334', '1.34250', '11.34', '0.8', '1643287104', 'Close'),
(329, '1', '868741467659', 'XAU/USD', '0.1046', 'Sell', '1.35334', '1.34250', '11.34', '0.8', '1643287104', 'Close'),
(330, '1', '600207951658', 'XAU/USD', '0.1046', 'Sell', '1.35334', '1.34250', '11.34', '0.8', '1643287104', 'Close'),
(331, '1', '238278022727', 'XAU/USD', '0.1046', 'Sell', '1.35334', '1.34250', '11.34', '0.8', '1643287105', 'Close'),
(332, '1', '971854795016', 'XAU/USD', '0.1046', 'Sell', '1.35334', '1.34250', '11.34', '0.8', '1643287105', 'Close'),
(333, '1', '352441498388', 'XAU/USD', '0.1046', 'Sell', '1.35334', '1.34250', '11.34', '0.8', '1643287105', 'Close'),
(334, '1', '29535323651', 'XAU/USD', '0.1046', 'Sell', '1.35334', '1.34250', '11.34', '0.8', '1643287105', 'Close'),
(335, '1', '408613116631', 'XAU/USD', '0.1046', 'Sell', '1.35334', '1.34250', '11.34', '0.8', '1643287105', 'Close'),
(336, '1', '70050404632', 'XAU/USD', '0.1046', 'Sell', '1.35334', '1.34250', '11.34', '0.8', '1643287105', 'Close'),
(337, '1', '844639002174', 'XAU/USD', '0.1046', 'Sell', '1.35334', '1.34250', '11.34', '0.8', '1643287105', 'Close'),
(338, '1', '147585020751', 'XAU/USD', '0.1046', 'Sell', '1.35334', '1.34250', '11.34', '0.8', '1643287105', 'Close'),
(339, '1', '252076193982', 'XAU/USD', '0.2534', 'Sell', '1.35334', '1.34250', '27.47', '0.8', '1643287105', 'Close'),
(340, '1', '434986871996', 'XAU/USD', '0.2034', 'Sell', '1.35334', '1.34250', '22.05', '0.8', '1643287105', 'Close'),
(341, '1', '214898991305', 'XAU/USD', '0.2034', 'Sell', '1.35334', '1.34250', '22.05', '0.8', '1643287105', 'Close'),
(342, '1', '933544998379', 'XAU/USD', '0.0508', 'Sell', '1.35334', '1.34250', '5.51', '0.8', '1643287105', 'Close'),
(343, '1', '601695547748', 'XAU/USD', '0.2949', 'Sell', '1.35334', '1.34250', '31.97', '0.8', '1643287105', 'Close'),
(344, '1', '915987328773', 'XAU/USD', '0.2527', 'Sell', '1.35334', '1.34250', '27.39', '0.8', '1643287105', 'Close'),
(345, '1', '105420733399', 'XAU/USD', '0.1115', 'Sell', '1.35334', '1.34250', '12.09', '0.8', '1643287105', 'Close'),
(346, '1', '510617253334', 'XAU/USD', '0.0263', 'Sell', '1.35334', '1.34250', '2.85', '0.8', '1643287105', 'Close'),
(347, '1', '318136987941', 'XAU/USD', '0.1054', 'Buy', '1.36334', '1.34980', '-14.27', '-1', '1643287139', 'Close'),
(348, '1', '812063409867', 'XAU/USD', '0.1054', 'Buy', '1.36334', '1.34980', '-14.27', '-1', '1643287139', 'Close'),
(349, '1', '868741467659', 'XAU/USD', '0.1054', 'Buy', '1.36334', '1.34980', '-14.27', '-1', '1643287139', 'Close'),
(350, '1', '600207951658', 'XAU/USD', '0.1054', 'Buy', '1.36334', '1.34980', '-14.27', '-1', '1643287139', 'Close'),
(351, '1', '238278022727', 'XAU/USD', '0.1054', 'Buy', '1.36334', '1.34980', '-14.27', '-1', '1643287139', 'Close'),
(352, '1', '971854795016', 'XAU/USD', '0.1054', 'Buy', '1.36334', '1.34980', '-14.27', '-1', '1643287139', 'Close'),
(353, '1', '352441498388', 'XAU/USD', '0.1054', 'Buy', '1.36334', '1.34980', '-14.27', '-1', '1643287139', 'Close'),
(354, '1', '29535323651', 'XAU/USD', '0.1054', 'Buy', '1.36334', '1.34980', '-14.27', '-1', '1643287139', 'Close'),
(355, '1', '408613116631', 'XAU/USD', '0.1054', 'Buy', '1.36334', '1.34980', '-14.27', '-1', '1643287139', 'Close'),
(356, '1', '70050404632', 'XAU/USD', '0.1054', 'Buy', '1.36334', '1.34980', '-14.27', '-1', '1643287139', 'Close'),
(357, '1', '844639002174', 'XAU/USD', '0.1054', 'Buy', '1.36334', '1.34980', '-14.27', '-1', '1643287139', 'Close'),
(358, '1', '147585020751', 'XAU/USD', '0.1054', 'Buy', '1.36334', '1.34980', '-14.27', '-1', '1643287139', 'Close'),
(359, '1', '252076193982', 'XAU/USD', '0.2554', 'Buy', '1.36334', '1.34980', '-34.58', '-1', '1643287139', 'Close'),
(360, '1', '434986871996', 'XAU/USD', '0.2049', 'Buy', '1.36334', '1.34980', '-27.74', '-1', '1643287139', 'Close'),
(361, '1', '214898991305', 'XAU/USD', '0.2049', 'Buy', '1.36334', '1.34980', '-27.74', '-1', '1643287139', 'Close'),
(362, '1', '933544998379', 'XAU/USD', '0.0512', 'Buy', '1.36334', '1.34980', '-6.93', '-1', '1643287139', 'Close'),
(363, '1', '601695547748', 'XAU/USD', '0.2971', 'Buy', '1.36334', '1.34980', '-40.23', '-1', '1643287139', 'Close'),
(364, '1', '915987328773', 'XAU/USD', '0.2546', 'Buy', '1.36334', '1.34980', '-34.47', '-1', '1643287139', 'Close'),
(365, '1', '105420733399', 'XAU/USD', '0.1123', 'Buy', '1.36334', '1.34980', '-15.21', '-1', '1643287139', 'Close'),
(366, '1', '510617253334', 'XAU/USD', '0.0265', 'Buy', '1.36334', '1.34980', '-3.59', '-1', '1643287139', 'Close'),
(367, '3', '37719460746', 'XAU/USD', '0.1267', 'Buy', '1.36334', '1.33660', '-33.88', '-2', '1643287198', 'Close'),
(368, '3', '869173217718', 'XAU/USD', '0.1267', 'Buy', '1.36334', '1.33660', '-33.88', '-2', '1643287198', 'Close'),
(369, '3', '256164830961', 'XAU/USD', '0.1267', 'Buy', '1.36334', '1.33660', '-33.88', '-2', '1643287198', 'Close'),
(370, '3', '822220952887', 'XAU/USD', '0.1267', 'Buy', '1.36334', '1.33660', '-33.88', '-2', '1643287198', 'Close'),
(371, '3', '550170208890', 'XAU/USD', '0.1267', 'Buy', '1.36334', '1.33660', '-33.88', '-2', '1643287198', 'Close'),
(372, '3', '528734127652', 'XAU/USD', '0.1267', 'Buy', '1.36334', '1.33660', '-33.88', '-2', '1643287198', 'Close'),
(373, '3', '444653325122', 'XAU/USD', '0.1267', 'Buy', '1.36334', '1.33660', '-33.88', '-2', '1643287198', 'Close'),
(374, '3', '275061439265', 'XAU/USD', '0.1267', 'Buy', '1.36334', '1.33660', '-33.88', '-2', '1643287198', 'Close'),
(375, '3', '725339605553', 'XAU/USD', '0.1267', 'Buy', '1.36334', '1.33660', '-33.88', '-2', '1643287198', 'Close'),
(376, '3', '219391310337', 'XAU/USD', '0.1267', 'Buy', '1.36334', '1.33660', '-33.88', '-2', '1643287198', 'Close'),
(377, '3', '786977426953', 'XAU/USD', '0.1267', 'Buy', '1.36334', '1.33660', '-33.88', '-2', '1643287198', 'Close'),
(378, '3', '232590832013', 'XAU/USD', '0.1267', 'Buy', '1.36334', '1.33660', '-33.88', '-2', '1643287198', 'Close'),
(379, '3', '905237375096', 'XAU/USD', '1.5179', 'Buy', '1.36334', '1.33660', '-405.89', '-2', '1643287198', 'Close'),
(380, '3', '334578450120', 'XAU/USD', '0.2597', 'Buy', '1.36334', '1.33660', '-69.44', '-2', '1643287198', 'Close'),
(381, '3', '267903547515', 'XAU/USD', '0.4679', 'Buy', '1.36334', '1.33660', '-125.12', '-2', '1643287198', 'Close'),
(382, '3', '682301163761', 'XAU/USD', '0.208', 'Buy', '1.36334', '1.33660', '-55.62', '-2', '1643287198', 'Close'),
(383, '3', '299617767904', 'XAU/USD', '0.208', 'Buy', '1.36334', '1.33660', '-55.62', '-2', '1643287198', 'Close'),
(384, '3', '517093859930', 'XAU/USD', '0.364', 'Buy', '1.36334', '1.33660', '-97.33', '-2', '1643287198', 'Close'),
(385, '3', '670436505615', 'XAU/USD', '0.3016', 'Buy', '1.36334', '1.33660', '-80.65', '-2', '1643287198', 'Close'),
(386, '3', '162655228446', 'XAU/USD', '0.5665', 'Buy', '1.36334', '1.33660', '-151.48', '-2', '1643287198', 'Close'),
(387, '3', '495363628521', 'XAU/USD', '0.0107', 'Buy', '1.36334', '1.33660', '-2.86', '-2', '1643287198', 'Close'),
(388, '3', '713883010541', 'XAU/USD', '0.2575', 'Buy', '1.36334', '1.33660', '-68.86', '-2', '1643287198', 'Close'),
(389, '3', '920617419335', 'XAU/USD', '0.0389', 'Buy', '1.36334', '1.33660', '-10.4', '-2', '1643287198', 'Close'),
(390, '3', '638343952155', 'XAU/USD', '0.0052', 'Buy', '1.36334', '1.33660', '-1.39', '-2', '1643287198', 'Close'),
(391, '3', '857626807697', 'XAU/USD', '0.6598', 'Buy', '1.36334', '1.33660', '-176.43', '-2', '1643287198', 'Close'),
(392, '3', '634081280855', 'XAU/USD', '0.0283', 'Buy', '1.36334', '1.33660', '-7.57', '-2', '1643287198', 'Close'),
(393, '3', '83910547919', 'XAU/USD', '0.0052', 'Buy', '1.36334', '1.33660', '-1.39', '-2', '1643287198', 'Close'),
(394, '3', '945565138596', 'XAU/USD', '0.0104', 'Buy', '1.36334', '1.33660', '-2.78', '-2', '1643287198', 'Close'),
(395, '3', '190105278325', 'XAU/USD', '0.0333', 'Buy', '1.36334', '1.33660', '-8.9', '-2', '1643287198', 'Close'),
(396, '3', '212751531105', 'XAU/USD', '0.0417', 'Buy', '1.36334', '1.33660', '-11.15', '-2', '1643287198', 'Close'),
(397, '3', '365784086461', 'XAU/USD', '0.0257', 'Buy', '1.36334', '1.33660', '-6.87', '-2', '1643287198', 'Close'),
(398, '3', '37719460746', 'XAU/USD', '0.124', 'Sell', '1.46334', '1.44874', '18.1', '1', '1643287293', 'Close'),
(399, '3', '869173217718', 'XAU/USD', '0.124', 'Sell', '1.46334', '1.44874', '18.1', '1', '1643287293', 'Close'),
(400, '3', '256164830961', 'XAU/USD', '0.124', 'Sell', '1.46334', '1.44874', '18.1', '1', '1643287293', 'Close'),
(401, '3', '822220952887', 'XAU/USD', '0.124', 'Sell', '1.46334', '1.44874', '18.1', '1', '1643287293', 'Close'),
(402, '3', '550170208890', 'XAU/USD', '0.124', 'Sell', '1.46334', '1.44874', '18.1', '1', '1643287293', 'Close'),
(403, '3', '528734127652', 'XAU/USD', '0.124', 'Sell', '1.46334', '1.44874', '18.1', '1', '1643287293', 'Close'),
(404, '3', '444653325122', 'XAU/USD', '0.124', 'Sell', '1.46334', '1.44874', '18.1', '1', '1643287293', 'Close'),
(405, '3', '275061439265', 'XAU/USD', '0.124', 'Sell', '1.46334', '1.44874', '18.1', '1', '1643287293', 'Close'),
(406, '3', '725339605553', 'XAU/USD', '0.124', 'Sell', '1.46334', '1.44874', '18.1', '1', '1643287293', 'Close'),
(407, '3', '219391310337', 'XAU/USD', '0.124', 'Sell', '1.46334', '1.44874', '18.1', '1', '1643287293', 'Close'),
(408, '3', '786977426953', 'XAU/USD', '0.124', 'Sell', '1.46334', '1.44874', '18.1', '1', '1643287293', 'Close'),
(409, '3', '232590832013', 'XAU/USD', '0.124', 'Sell', '1.46334', '1.44874', '18.1', '1', '1643287293', 'Close'),
(410, '3', '905237375096', 'XAU/USD', '1.4855', 'Sell', '1.46334', '1.44874', '216.88', '1', '1643287293', 'Close'),
(411, '3', '334578450120', 'XAU/USD', '0.2542', 'Sell', '1.46334', '1.44874', '37.11', '1', '1643287293', 'Close'),
(412, '3', '267903547515', 'XAU/USD', '0.458', 'Sell', '1.46334', '1.44874', '66.87', '1', '1643287293', 'Close'),
(413, '3', '682301163761', 'XAU/USD', '0.2035', 'Sell', '1.46334', '1.44874', '29.71', '1', '1643287293', 'Close'),
(414, '3', '299617767904', 'XAU/USD', '0.2035', 'Sell', '1.46334', '1.44874', '29.71', '1', '1643287293', 'Close'),
(415, '3', '517093859930', 'XAU/USD', '0.3562', 'Sell', '1.46334', '1.44874', '52.01', '1', '1643287293', 'Close'),
(416, '3', '670436505615', 'XAU/USD', '0.2951', 'Sell', '1.46334', '1.44874', '43.08', '1', '1643287293', 'Close'),
(417, '3', '162655228446', 'XAU/USD', '0.5544', 'Sell', '1.46334', '1.44874', '80.94', '1', '1643287293', 'Close'),
(418, '3', '495363628521', 'XAU/USD', '0.0105', 'Sell', '1.46334', '1.44874', '1.53', '1', '1643287293', 'Close'),
(419, '3', '713883010541', 'XAU/USD', '0.252', 'Sell', '1.46334', '1.44874', '36.79', '1', '1643287293', 'Close'),
(420, '3', '920617419335', 'XAU/USD', '0.0381', 'Sell', '1.46334', '1.44874', '5.56', '1', '1643287293', 'Close'),
(421, '3', '638343952155', 'XAU/USD', '0.0051', 'Sell', '1.46334', '1.44874', '0.74', '1', '1643287293', 'Close'),
(422, '3', '857626807697', 'XAU/USD', '0.6457', 'Sell', '1.46334', '1.44874', '94.27', '1', '1643287293', 'Close'),
(423, '3', '634081280855', 'XAU/USD', '0.0277', 'Sell', '1.46334', '1.44874', '4.04', '1', '1643287293', 'Close'),
(424, '3', '83910547919', 'XAU/USD', '0.0051', 'Sell', '1.46334', '1.44874', '0.74', '1', '1643287293', 'Close'),
(425, '3', '945565138596', 'XAU/USD', '0.0102', 'Sell', '1.46334', '1.44874', '1.49', '1', '1643287293', 'Close'),
(426, '3', '190105278325', 'XAU/USD', '0.0326', 'Sell', '1.46334', '1.44874', '4.76', '1', '1643287293', 'Close'),
(427, '3', '212751531105', 'XAU/USD', '0.0408', 'Sell', '1.46334', '1.44874', '5.96', '1', '1643287293', 'Close'),
(428, '3', '365784086461', 'XAU/USD', '0.0252', 'Sell', '1.46334', '1.44874', '3.68', '1', '1643287293', 'Close'),
(429, '1', '318136987941', 'XAU/USD', '0.1044', 'Sell', '1.46334', '1.45574', '7.93', '0.52', '1643287321', 'Close'),
(430, '1', '812063409867', 'XAU/USD', '0.1044', 'Sell', '1.46334', '1.45574', '7.93', '0.52', '1643287321', 'Close'),
(431, '1', '868741467659', 'XAU/USD', '0.1044', 'Sell', '1.46334', '1.45574', '7.93', '0.52', '1643287321', 'Close'),
(432, '1', '600207951658', 'XAU/USD', '0.1044', 'Sell', '1.46334', '1.45574', '7.93', '0.52', '1643287321', 'Close'),
(433, '1', '238278022727', 'XAU/USD', '0.1044', 'Sell', '1.46334', '1.45574', '7.93', '0.52', '1643287321', 'Close'),
(434, '1', '971854795016', 'XAU/USD', '0.1044', 'Sell', '1.46334', '1.45574', '7.93', '0.52', '1643287321', 'Close'),
(435, '1', '352441498388', 'XAU/USD', '0.1044', 'Sell', '1.46334', '1.45574', '7.93', '0.52', '1643287321', 'Close'),
(436, '1', '29535323651', 'XAU/USD', '0.1044', 'Sell', '1.46334', '1.45574', '7.93', '0.52', '1643287321', 'Close'),
(437, '1', '408613116631', 'XAU/USD', '0.1044', 'Sell', '1.46334', '1.45574', '7.93', '0.52', '1643287321', 'Close'),
(438, '1', '70050404632', 'XAU/USD', '0.1044', 'Sell', '1.46334', '1.45574', '7.93', '0.52', '1643287321', 'Close'),
(439, '1', '844639002174', 'XAU/USD', '0.1044', 'Sell', '1.46334', '1.45574', '7.93', '0.52', '1643287321', 'Close'),
(440, '1', '147585020751', 'XAU/USD', '0.1044', 'Sell', '1.46334', '1.45574', '7.93', '0.52', '1643287321', 'Close'),
(441, '1', '252076193982', 'XAU/USD', '0.2529', 'Sell', '1.46334', '1.45574', '19.22', '0.52', '1643287321', 'Close'),
(442, '1', '434986871996', 'XAU/USD', '0.203', 'Sell', '1.46334', '1.45574', '15.43', '0.52', '1643287321', 'Close'),
(443, '1', '214898991305', 'XAU/USD', '0.203', 'Sell', '1.46334', '1.45574', '15.43', '0.52', '1643287321', 'Close'),
(444, '1', '933544998379', 'XAU/USD', '0.0507', 'Sell', '1.46334', '1.45574', '3.85', '0.52', '1643287321', 'Close'),
(445, '1', '601695547748', 'XAU/USD', '0.2943', 'Sell', '1.46334', '1.45574', '22.37', '0.52', '1643287321', 'Close'),
(446, '1', '915987328773', 'XAU/USD', '0.2522', 'Sell', '1.46334', '1.45574', '19.17', '0.52', '1643287321', 'Close'),
(447, '1', '105420733399', 'XAU/USD', '0.1112', 'Sell', '1.46334', '1.45574', '8.45', '0.52', '1643287321', 'Close'),
(448, '1', '510617253334', 'XAU/USD', '0.0262', 'Sell', '1.46334', '1.45574', '1.99', '0.52', '1643287321', 'Close'),
(449, '3', '37719460746', 'EUR/USD', '0.1255', 'Sell', '1.35651', '1.33951', '21.34', '1.25', '1643882574', 'Close'),
(450, '3', '869173217718', 'EUR/USD', '0.1255', 'Sell', '1.35651', '1.33951', '21.34', '1.25', '1643882574', 'Close'),
(451, '3', '256164830961', 'EUR/USD', '0.1255', 'Sell', '1.35651', '1.33951', '21.34', '1.25', '1643882574', 'Close'),
(452, '3', '822220952887', 'EUR/USD', '0.1255', 'Sell', '1.35651', '1.33951', '21.34', '1.25', '1643882574', 'Close'),
(453, '3', '550170208890', 'EUR/USD', '0.1255', 'Sell', '1.35651', '1.33951', '21.34', '1.25', '1643882574', 'Close'),
(454, '3', '528734127652', 'EUR/USD', '0.1255', 'Sell', '1.35651', '1.33951', '21.34', '1.25', '1643882574', 'Close'),
(455, '3', '444653325122', 'EUR/USD', '0.1255', 'Sell', '1.35651', '1.33951', '21.34', '1.25', '1643882574', 'Close'),
(456, '3', '275061439265', 'EUR/USD', '0.1255', 'Sell', '1.35651', '1.33951', '21.34', '1.25', '1643882574', 'Close'),
(457, '3', '725339605553', 'EUR/USD', '0.1255', 'Sell', '1.35651', '1.33951', '21.34', '1.25', '1643882574', 'Close'),
(458, '3', '219391310337', 'EUR/USD', '0.1255', 'Sell', '1.35651', '1.33951', '21.34', '1.25', '1643882574', 'Close'),
(459, '3', '786977426953', 'EUR/USD', '0.1255', 'Sell', '1.35651', '1.33951', '21.34', '1.25', '1643882574', 'Close'),
(460, '3', '232590832013', 'EUR/USD', '0.1255', 'Sell', '1.35651', '1.33951', '21.34', '1.25', '1643882574', 'Close'),
(461, '3', '905237375096', 'EUR/USD', '1.5029', 'Sell', '1.35651', '1.33951', '255.49', '1.25', '1643882574', 'Close'),
(462, '3', '334578450120', 'EUR/USD', '0.2572', 'Sell', '1.35651', '1.33951', '43.72', '1.25', '1643882574', 'Close'),
(463, '3', '267903547515', 'EUR/USD', '0.5633', 'Sell', '1.35651', '1.33951', '95.76', '1.25', '1643882574', 'Close'),
(464, '3', '682301163761', 'EUR/USD', '0.2059', 'Sell', '1.35651', '1.33951', '35', '1.25', '1643882574', 'Close'),
(465, '3', '299617767904', 'EUR/USD', '0.2059', 'Sell', '1.35651', '1.33951', '35', '1.25', '1643882574', 'Close'),
(466, '3', '517093859930', 'EUR/USD', '0.3604', 'Sell', '1.35651', '1.33951', '61.27', '1.25', '1643882574', 'Close'),
(467, '3', '670436505615', 'EUR/USD', '0.2986', 'Sell', '1.35651', '1.33951', '50.76', '1.25', '1643882574', 'Close'),
(468, '3', '162655228446', 'EUR/USD', '0.5609', 'Sell', '1.35651', '1.33951', '95.35', '1.25', '1643882574', 'Close'),
(469, '3', '495363628521', 'EUR/USD', '0.0106', 'Sell', '1.35651', '1.33951', '1.8', '1.25', '1643882574', 'Close'),
(470, '3', '713883010541', 'EUR/USD', '0.25', 'Sell', '1.35651', '1.33951', '42.5', '1.25', '1643882574', 'Close'),
(471, '3', '920617419335', 'EUR/USD', '0.0385', 'Sell', '1.35651', '1.33951', '6.55', '1.25', '1643882575', 'Close'),
(472, '3', '638343952155', 'EUR/USD', '0.0051', 'Sell', '1.35651', '1.33951', '0.87', '1.25', '1643882575', 'Close'),
(473, '3', '857626807697', 'EUR/USD', '0.6533', 'Sell', '1.35651', '1.33951', '111.06', '1.25', '1643882575', 'Close'),
(474, '3', '634081280855', 'EUR/USD', '0.028', 'Sell', '1.35651', '1.33951', '4.76', '1.25', '1643882575', 'Close'),
(475, '3', '83910547919', 'EUR/USD', '0.0051', 'Sell', '1.35651', '1.33951', '0.87', '1.25', '1643882575', 'Close'),
(476, '3', '945565138596', 'EUR/USD', '0.0103', 'Sell', '1.35651', '1.33951', '1.75', '1.25', '1643882575', 'Close'),
(477, '3', '190105278325', 'EUR/USD', '0.0329', 'Sell', '1.35651', '1.33951', '5.59', '1.25', '1643882575', 'Close'),
(478, '3', '212751531105', 'EUR/USD', '0.0413', 'Sell', '1.35651', '1.33951', '7.02', '1.25', '1643882575', 'Close'),
(479, '3', '365784086461', 'EUR/USD', '0.0255', 'Sell', '1.35651', '1.33951', '4.34', '1.25', '1643882575', 'Close'),
(480, '3', '840530099632', 'EUR/USD', '0.0452', 'Sell', '1.35651', '1.33951', '7.68', '1.25', '1643882575', 'Close'),
(481, '1', '318136987941', 'EUR/USD', '0.1049', 'Buy', '1.33890', '1.35060', '12.27', '0.87', '1643882652', 'Close'),
(482, '1', '812063409867', 'EUR/USD', '0.1049', 'Buy', '1.33890', '1.35060', '12.27', '0.87', '1643882652', 'Close'),
(483, '1', '868741467659', 'EUR/USD', '0.1049', 'Buy', '1.33890', '1.35060', '12.27', '0.87', '1643882652', 'Close'),
(484, '1', '600207951658', 'EUR/USD', '0.1049', 'Buy', '1.33890', '1.35060', '12.27', '0.87', '1643882652', 'Close'),
(485, '1', '238278022727', 'EUR/USD', '0.1049', 'Buy', '1.33890', '1.35060', '12.27', '0.87', '1643882652', 'Close'),
(486, '1', '971854795016', 'EUR/USD', '0.1049', 'Buy', '1.33890', '1.35060', '12.27', '0.87', '1643882652', 'Close'),
(487, '1', '352441498388', 'EUR/USD', '0.1049', 'Buy', '1.33890', '1.35060', '12.27', '0.87', '1643882652', 'Close'),
(488, '1', '29535323651', 'EUR/USD', '0.1049', 'Buy', '1.33890', '1.35060', '12.27', '0.87', '1643882652', 'Close'),
(489, '1', '408613116631', 'EUR/USD', '0.1049', 'Buy', '1.33890', '1.35060', '12.27', '0.87', '1643882652', 'Close'),
(490, '1', '70050404632', 'EUR/USD', '0.1049', 'Buy', '1.33890', '1.35060', '12.27', '0.87', '1643882652', 'Close'),
(491, '1', '844639002174', 'EUR/USD', '0.1049', 'Buy', '1.33890', '1.35060', '12.27', '0.87', '1643882652', 'Close'),
(492, '1', '147585020751', 'EUR/USD', '0.1049', 'Buy', '1.33890', '1.35060', '12.27', '0.87', '1643882652', 'Close'),
(493, '1', '252076193982', 'EUR/USD', '0.2543', 'Buy', '1.33890', '1.35060', '29.75', '0.87', '1643882652', 'Close'),
(494, '1', '434986871996', 'EUR/USD', '0.204', 'Buy', '1.33890', '1.35060', '23.87', '0.87', '1643882652', 'Close'),
(495, '1', '214898991305', 'EUR/USD', '0.204', 'Buy', '1.33890', '1.35060', '23.87', '0.87', '1643882652', 'Close'),
(496, '1', '933544998379', 'EUR/USD', '0.051', 'Buy', '1.33890', '1.35060', '5.97', '0.87', '1643882652', 'Close'),
(497, '1', '601695547748', 'EUR/USD', '0.2959', 'Buy', '1.33890', '1.35060', '34.62', '0.87', '1643882652', 'Close'),
(498, '1', '915987328773', 'EUR/USD', '0.2501', 'Buy', '1.33890', '1.35060', '29.26', '0.87', '1643882652', 'Close'),
(499, '1', '105420733399', 'EUR/USD', '0.1118', 'Buy', '1.33890', '1.35060', '13.08', '0.87', '1643882652', 'Close'),
(500, '1', '510617253334', 'EUR/USD', '0.0264', 'Buy', '1.33890', '1.35060', '3.09', '0.87', '1643882652', 'Close'),
(501, '1', '790035603955', 'EUR/USD', '0.05', 'Buy', '1.33890', '1.35060', '5.85', '0.87', '1643882652', 'Close'),
(502, '1', '680269139547', 'EUR/USD', '0.1102', 'Buy', '1.33890', '1.35060', '12.89', '0.87', '1643882652', 'Close'),
(503, '3', '37719460746', 'EUR/USD', '0.1272', 'Sell', '1.12794', '1.13970', '-14.96', '-1.04', '1643992011', 'Close'),
(504, '3', '869173217718', 'EUR/USD', '0.1272', 'Sell', '1.12794', '1.13970', '-14.96', '-1.04', '1643992011', 'Close'),
(505, '3', '256164830961', 'EUR/USD', '0.1272', 'Sell', '1.12794', '1.13970', '-14.96', '-1.04', '1643992011', 'Close'),
(506, '3', '822220952887', 'EUR/USD', '0.1272', 'Sell', '1.12794', '1.13970', '-14.96', '-1.04', '1643992011', 'Close'),
(507, '3', '550170208890', 'EUR/USD', '0.1272', 'Sell', '1.12794', '1.13970', '-14.96', '-1.04', '1643992011', 'Close'),
(508, '3', '528734127652', 'EUR/USD', '0.1272', 'Sell', '1.12794', '1.13970', '-14.96', '-1.04', '1643992011', 'Close'),
(509, '3', '444653325122', 'EUR/USD', '0.1272', 'Sell', '1.12794', '1.13970', '-14.96', '-1.04', '1643992011', 'Close'),
(510, '3', '275061439265', 'EUR/USD', '0.1272', 'Sell', '1.12794', '1.13970', '-14.96', '-1.04', '1643992011', 'Close'),
(511, '3', '725339605553', 'EUR/USD', '0.1272', 'Sell', '1.12794', '1.13970', '-14.96', '-1.04', '1643992011', 'Close'),
(512, '3', '219391310337', 'EUR/USD', '0.1272', 'Sell', '1.12794', '1.13970', '-14.96', '-1.04', '1643992011', 'Close'),
(513, '3', '786977426953', 'EUR/USD', '0.1272', 'Sell', '1.12794', '1.13970', '-14.96', '-1.04', '1643992011', 'Close'),
(514, '3', '232590832013', 'EUR/USD', '0.1272', 'Sell', '1.12794', '1.13970', '-14.96', '-1.04', '1643992011', 'Close'),
(515, '3', '905237375096', 'EUR/USD', '1.5233', 'Sell', '1.12794', '1.13970', '-179.14', '-1.04', '1643992011', 'Close'),
(516, '3', '334578450120', 'EUR/USD', '0.2607', 'Sell', '1.12794', '1.13970', '-30.66', '-1.04', '1643992011', 'Close'),
(517, '3', '267903547515', 'EUR/USD', '0.571', 'Sell', '1.12794', '1.13970', '-67.15', '-1.04', '1643992011', 'Close'),
(518, '3', '682301163761', 'EUR/USD', '0.2087', 'Sell', '1.12794', '1.13970', '-24.54', '-1.04', '1643992011', 'Close'),
(519, '3', '299617767904', 'EUR/USD', '0.2087', 'Sell', '1.12794', '1.13970', '-24.54', '-1.04', '1643992011', 'Close'),
(520, '3', '517093859930', 'EUR/USD', '0.3653', 'Sell', '1.12794', '1.13970', '-42.96', '-1.04', '1643992011', 'Close'),
(521, '3', '670436505615', 'EUR/USD', '0.3026', 'Sell', '1.12794', '1.13970', '-35.59', '-1.04', '1643992011', 'Close'),
(522, '3', '162655228446', 'EUR/USD', '0.5685', 'Sell', '1.12794', '1.13970', '-66.86', '-1.04', '1643992011', 'Close'),
(523, '3', '495363628521', 'EUR/USD', '0.0107', 'Sell', '1.12794', '1.13970', '-1.26', '-1.04', '1643992011', 'Close'),
(524, '3', '472013137429', 'EUR/USD', '0.1', 'Sell', '1.12794', '1.13970', '-11.76', '-1.04', '1643992011', 'Close'),
(525, '3', '713883010541', 'EUR/USD', '0.2534', 'Sell', '1.12794', '1.13970', '-29.8', '-1.04', '1643992011', 'Close'),
(526, '3', '920617419335', 'EUR/USD', '0.039', 'Sell', '1.12794', '1.13970', '-4.59', '-1.04', '1643992011', 'Close'),
(527, '3', '638343952155', 'EUR/USD', '0.0052', 'Sell', '1.12794', '1.13970', '-0.61', '-1.04', '1643992011', 'Close'),
(528, '3', '857626807697', 'EUR/USD', '0.6622', 'Sell', '1.12794', '1.13970', '-77.87', '-1.04', '1643992011', 'Close'),
(529, '3', '634081280855', 'EUR/USD', '0.0284', 'Sell', '1.12794', '1.13970', '-3.34', '-1.04', '1643992011', 'Close'),
(530, '3', '83910547919', 'EUR/USD', '0.0052', 'Sell', '1.12794', '1.13970', '-0.61', '-1.04', '1643992011', 'Close'),
(531, '3', '945565138596', 'EUR/USD', '0.0104', 'Sell', '1.12794', '1.13970', '-1.22', '-1.04', '1643992011', 'Close'),
(532, '3', '190105278325', 'EUR/USD', '0.0334', 'Sell', '1.12794', '1.13970', '-3.93', '-1.04', '1643992011', 'Close'),
(533, '3', '212751531105', 'EUR/USD', '0.0418', 'Sell', '1.12794', '1.13970', '-4.92', '-1.04', '1643992011', 'Close'),
(534, '3', '365784086461', 'EUR/USD', '0.0258', 'Sell', '1.12794', '1.13970', '-3.03', '-1.04', '1643992011', 'Close'),
(535, '3', '840530099632', 'EUR/USD', '0.0458', 'Sell', '1.12794', '1.13970', '-5.39', '-1.04', '1643992011', 'Close'),
(536, '1', '318136987941', 'GBP/USD', '0.1058', 'Sell', '1.34590', '1.35590', '-10.58', '-0.74', '1643992172', 'Close'),
(537, '1', '812063409867', 'GBP/USD', '0.1058', 'Sell', '1.34590', '1.35590', '-10.58', '-0.74', '1643992172', 'Close'),
(538, '1', '868741467659', 'GBP/USD', '0.1058', 'Sell', '1.34590', '1.35590', '-10.58', '-0.74', '1643992172', 'Close'),
(539, '1', '600207951658', 'GBP/USD', '0.1058', 'Sell', '1.34590', '1.35590', '-10.58', '-0.74', '1643992172', 'Close'),
(540, '1', '238278022727', 'GBP/USD', '0.1058', 'Sell', '1.34590', '1.35590', '-10.58', '-0.74', '1643992172', 'Close'),
(541, '1', '971854795016', 'GBP/USD', '0.1058', 'Sell', '1.34590', '1.35590', '-10.58', '-0.74', '1643992172', 'Close'),
(542, '1', '352441498388', 'GBP/USD', '0.1058', 'Sell', '1.34590', '1.35590', '-10.58', '-0.74', '1643992172', 'Close'),
(543, '1', '29535323651', 'GBP/USD', '0.1058', 'Sell', '1.34590', '1.35590', '-10.58', '-0.74', '1643992172', 'Close'),
(544, '1', '408613116631', 'GBP/USD', '0.1058', 'Sell', '1.34590', '1.35590', '-10.58', '-0.74', '1643992172', 'Close'),
(545, '1', '70050404632', 'GBP/USD', '0.1058', 'Sell', '1.34590', '1.35590', '-10.58', '-0.74', '1643992172', 'Close'),
(546, '1', '844639002174', 'GBP/USD', '0.1058', 'Sell', '1.34590', '1.35590', '-10.58', '-0.74', '1643992172', 'Close'),
(547, '1', '147585020751', 'GBP/USD', '0.1058', 'Sell', '1.34590', '1.35590', '-10.58', '-0.74', '1643992172', 'Close'),
(548, '1', '252076193982', 'GBP/USD', '0.2564', 'Sell', '1.34590', '1.35590', '-25.64', '-0.74', '1643992172', 'Close'),
(549, '1', '434986871996', 'GBP/USD', '0.2057', 'Sell', '1.34590', '1.35590', '-20.57', '-0.74', '1643992172', 'Close'),
(550, '1', '214898991305', 'GBP/USD', '0.2057', 'Sell', '1.34590', '1.35590', '-20.57', '-0.74', '1643992172', 'Close'),
(551, '1', '933544998379', 'GBP/USD', '0.0514', 'Sell', '1.34590', '1.35590', '-5.14', '-0.74', '1643992172', 'Close'),
(552, '1', '601695547748', 'GBP/USD', '0.2983', 'Sell', '1.34590', '1.35590', '-29.83', '-0.74', '1643992172', 'Close'),
(553, '1', '182343126146', 'GBP/USD', '0.1', 'Sell', '1.34590', '1.35590', '-10', '-0.74', '1643992172', 'Close'),
(554, '1', '915987328773', 'GBP/USD', '0.2522', 'Sell', '1.34590', '1.35590', '-25.22', '-0.74', '1643992172', 'Close'),
(555, '1', '105420733399', 'GBP/USD', '0.1127', 'Sell', '1.34590', '1.35590', '-11.27', '-0.74', '1643992172', 'Close'),
(556, '1', '510617253334', 'GBP/USD', '0.0266', 'Sell', '1.34590', '1.35590', '-2.66', '-0.74', '1643992172', 'Close'),
(557, '1', '790035603955', 'GBP/USD', '0.0504', 'Sell', '1.34590', '1.35590', '-5.04', '-0.74', '1643992172', 'Close'),
(558, '1', '680269139547', 'GBP/USD', '0.1112', 'Sell', '1.34590', '1.35590', '-11.12', '-0.74', '1643992172', 'Close'),
(559, '3', '37719460746', 'XAU/USD', '0.126', 'Buy', '122', '123', '1260', '0.81', '1709172662', 'Close'),
(560, '3', '869173217718', 'XAU/USD', '0.126', 'Buy', '122', '123', '1260', '0.81', '1709172662', 'Close'),
(561, '3', '256164830961', 'XAU/USD', '0.126', 'Buy', '122', '123', '1260', '0.81', '1709172662', 'Close'),
(562, '3', '822220952887', 'XAU/USD', '0.126', 'Buy', '122', '123', '1260', '0.81', '1709172662', 'Close'),
(563, '3', '550170208890', 'XAU/USD', '0.126', 'Buy', '122', '123', '1260', '0.81', '1709172662', 'Close'),
(564, '3', '528734127652', 'XAU/USD', '0.126', 'Buy', '122', '123', '1260', '0.81', '1709172662', 'Close'),
(565, '3', '444653325122', 'XAU/USD', '0.126', 'Buy', '122', '123', '1260', '0.81', '1709172662', 'Close'),
(566, '3', '275061439265', 'XAU/USD', '0.126', 'Buy', '122', '123', '1260', '0.81', '1709172662', 'Close'),
(567, '3', '725339605553', 'XAU/USD', '0.126', 'Buy', '122', '123', '1260', '0.81', '1709172662', 'Close'),
(568, '3', '219391310337', 'XAU/USD', '0.126', 'Buy', '122', '123', '1260', '0.81', '1709172662', 'Close'),
(569, '3', '786977426953', 'XAU/USD', '0.126', 'Buy', '122', '123', '1260', '0.81', '1709172662', 'Close'),
(570, '3', '232590832013', 'XAU/USD', '0.126', 'Buy', '122', '123', '1260', '0.81', '1709172662', 'Close'),
(571, '3', '905237375096', 'XAU/USD', '1.509', 'Buy', '122', '123', '15090', '0.81', '1709172662', 'Close'),
(572, '3', '334578450120', 'XAU/USD', '0.2582', 'Buy', '122', '123', '2582', '0.81', '1709172662', 'Close'),
(573, '3', '267903547515', 'XAU/USD', '0.5656', 'Buy', '122', '123', '5656', '0.81', '1709172662', 'Close'),
(574, '3', '682301163761', 'XAU/USD', '0.2068', 'Buy', '122', '123', '2068', '0.81', '1709172662', 'Close'),
(575, '3', '299617767904', 'XAU/USD', '0.2068', 'Buy', '122', '123', '2068', '0.81', '1709172662', 'Close'),
(576, '3', '517093859930', 'XAU/USD', '0.3618', 'Buy', '122', '123', '3618', '0.81', '1709172662', 'Close'),
(577, '3', '670436505615', 'XAU/USD', '0.2998', 'Buy', '122', '123', '2998', '0.81', '1709172662', 'Close'),
(578, '3', '162655228446', 'XAU/USD', '0.5632', 'Buy', '122', '123', '5632', '0.81', '1709172662', 'Close'),
(579, '3', '495363628521', 'XAU/USD', '0.0106', 'Buy', '122', '123', '106', '0.81', '1709172662', 'Close'),
(580, '3', '472013137429', 'XAU/USD', '0.0991', 'Buy', '122', '123', '991', '0.81', '1709172662', 'Close'),
(581, '3', '713883010541', 'XAU/USD', '0.251', 'Buy', '122', '123', '2510', '0.81', '1709172662', 'Close'),
(582, '3', '920617419335', 'XAU/USD', '0.0387', 'Buy', '122', '123', '387', '0.81', '1709172662', 'Close'),
(583, '3', '638343952155', 'XAU/USD', '0.0052', 'Buy', '122', '123', '52', '0.81', '1709172662', 'Close'),
(584, '3', '857626807697', 'XAU/USD', '0.6559', 'Buy', '122', '123', '6559', '0.81', '1709172662', 'Close'),
(585, '3', '634081280855', 'XAU/USD', '0.0281', 'Buy', '122', '123', '281', '0.81', '1709172662', 'Close'),
(586, '3', '83910547919', 'XAU/USD', '0.0052', 'Buy', '122', '123', '52', '0.81', '1709172662', 'Close'),
(587, '3', '945565138596', 'XAU/USD', '0.0103', 'Buy', '122', '123', '103', '0.81', '1709172662', 'Close'),
(588, '3', '190105278325', 'XAU/USD', '0.0331', 'Buy', '122', '123', '331', '0.81', '1709172662', 'Close'),
(589, '3', '212751531105', 'XAU/USD', '0.0361', 'Buy', '122', '123', '361', '0.81', '1709172662', 'Close'),
(590, '3', '365784086461', 'XAU/USD', '0.0256', 'Buy', '122', '123', '256', '0.81', '1709172662', 'Close'),
(591, '3', '840530099632', 'XAU/USD', '0.0454', 'Buy', '122', '123', '454', '0.81', '1709172662', 'Close'),
(592, '3', '625055915424', 'XAU/USD', '0.1103', 'Buy', '122', '123', '1103', '0.81', '1709172662', 'Close'),
(593, '3', '37719460746', 'XAU/USD', '0.2268', 'Buy', '1.225', '1.551', '739.37', '21.02', '1709173059', 'Close'),
(594, '3', '869173217718', 'XAU/USD', '0.2268', 'Buy', '1.225', '1.551', '739.37', '21.02', '1709173059', 'Close'),
(595, '3', '256164830961', 'XAU/USD', '0.2268', 'Buy', '1.225', '1.551', '739.37', '21.02', '1709173059', 'Close'),
(596, '3', '822220952887', 'XAU/USD', '0.2268', 'Buy', '1.225', '1.551', '739.37', '21.02', '1709173059', 'Close'),
(597, '3', '550170208890', 'XAU/USD', '0.2268', 'Buy', '1.225', '1.551', '739.37', '21.02', '1709173059', 'Close'),
(598, '3', '528734127652', 'XAU/USD', '0.2268', 'Buy', '1.225', '1.551', '739.37', '21.02', '1709173059', 'Close'),
(599, '3', '444653325122', 'XAU/USD', '0.2268', 'Buy', '1.225', '1.551', '739.37', '21.02', '1709173059', 'Close'),
(600, '3', '275061439265', 'XAU/USD', '0.2268', 'Buy', '1.225', '1.551', '739.37', '21.02', '1709173059', 'Close'),
(601, '3', '725339605553', 'XAU/USD', '0.2268', 'Buy', '1.225', '1.551', '739.37', '21.02', '1709173059', 'Close'),
(602, '3', '219391310337', 'XAU/USD', '0.2268', 'Buy', '1.225', '1.551', '739.37', '21.02', '1709173059', 'Close'),
(603, '3', '786977426953', 'XAU/USD', '0.2268', 'Buy', '1.225', '1.551', '739.37', '21.02', '1709173059', 'Close'),
(604, '3', '232590832013', 'XAU/USD', '0.2268', 'Buy', '1.225', '1.551', '739.37', '21.02', '1709173059', 'Close'),
(605, '3', '905237375096', 'XAU/USD', '2.7162', 'Buy', '1.225', '1.551', '8854.81', '21.02', '1709173059', 'Close'),
(606, '3', '334578450120', 'XAU/USD', '0.4648', 'Buy', '1.225', '1.551', '1515.25', '21.02', '1709173059', 'Close'),
(607, '3', '267903547515', 'XAU/USD', '1.0181', 'Buy', '1.225', '1.551', '3319.01', '21.02', '1709173059', 'Close'),
(608, '3', '682301163761', 'XAU/USD', '0.3722', 'Buy', '1.225', '1.551', '1213.37', '21.02', '1709173059', 'Close'),
(609, '3', '299617767904', 'XAU/USD', '0.3722', 'Buy', '1.225', '1.551', '1213.37', '21.02', '1709173059', 'Close');
INSERT INTO `trading_history` (`id`, `m_id`, `account_id`, `market`, `value`, `type`, `open_position`, `close_position`, `gain`, `percentage`, `date`, `status`) VALUES
(610, '3', '517093859930', 'XAU/USD', '0.6513', 'Buy', '1.225', '1.551', '2123.24', '21.02', '1709173059', 'Close'),
(611, '3', '670436505615', 'XAU/USD', '0.5396', 'Buy', '1.225', '1.551', '1759.1', '21.02', '1709173059', 'Close'),
(612, '3', '162655228446', 'XAU/USD', '1.0137', 'Buy', '1.225', '1.551', '3304.66', '21.02', '1709173059', 'Close'),
(613, '3', '495363628521', 'XAU/USD', '0.0191', 'Buy', '1.225', '1.551', '62.27', '21.02', '1709173059', 'Close'),
(614, '3', '472013137429', 'XAU/USD', '0.1783', 'Buy', '1.225', '1.551', '581.26', '21.02', '1709173059', 'Close'),
(615, '3', '713883010541', 'XAU/USD', '0.4518', 'Buy', '1.225', '1.551', '1472.87', '21.02', '1709173059', 'Close'),
(616, '3', '920617419335', 'XAU/USD', '0.0696', 'Buy', '1.225', '1.551', '226.9', '21.02', '1709173059', 'Close'),
(617, '3', '638343952155', 'XAU/USD', '0.0093', 'Buy', '1.225', '1.551', '30.32', '21.02', '1709173059', 'Close'),
(618, '3', '857626807697', 'XAU/USD', '1.1807', 'Buy', '1.225', '1.551', '3849.08', '21.02', '1709173059', 'Close'),
(619, '3', '634081280855', 'XAU/USD', '0.0506', 'Buy', '1.225', '1.551', '164.96', '21.02', '1709173059', 'Close'),
(620, '3', '83910547919', 'XAU/USD', '0.0093', 'Buy', '1.225', '1.551', '30.32', '21.02', '1709173059', 'Close'),
(621, '3', '945565138596', 'XAU/USD', '0.0186', 'Buy', '1.225', '1.551', '60.64', '21.02', '1709173059', 'Close'),
(622, '3', '190105278325', 'XAU/USD', '0.0596', 'Buy', '1.225', '1.551', '194.3', '21.02', '1709173059', 'Close'),
(623, '3', '212751531105', 'XAU/USD', '0.0649', 'Buy', '1.225', '1.551', '211.57', '21.02', '1709173059', 'Close'),
(624, '3', '365784086461', 'XAU/USD', '0.0461', 'Buy', '1.225', '1.551', '150.29', '21.02', '1709173059', 'Close'),
(625, '3', '840530099632', 'XAU/USD', '0.0817', 'Buy', '1.225', '1.551', '266.34', '21.02', '1709173059', 'Close'),
(626, '3', '625055915424', 'XAU/USD', '0.1985', 'Buy', '1.225', '1.551', '647.11', '21.02', '1709173059', 'Close'),
(627, '1', '318136987941', 'XAU/USD', '0.1051', 'Buy', '1.222', '1.226', '4.2', '0.33', '1709173090', 'Close'),
(628, '1', '812063409867', 'XAU/USD', '0.1051', 'Buy', '1.222', '1.226', '4.2', '0.33', '1709173090', 'Close'),
(629, '1', '868741467659', 'XAU/USD', '0.1051', 'Buy', '1.222', '1.226', '4.2', '0.33', '1709173090', 'Close'),
(630, '1', '600207951658', 'XAU/USD', '0.1051', 'Buy', '1.222', '1.226', '4.2', '0.33', '1709173090', 'Close'),
(631, '1', '238278022727', 'XAU/USD', '0.1051', 'Buy', '1.222', '1.226', '4.2', '0.33', '1709173090', 'Close'),
(632, '1', '971854795016', 'XAU/USD', '0.1051', 'Buy', '1.222', '1.226', '4.2', '0.33', '1709173090', 'Close'),
(633, '1', '352441498388', 'XAU/USD', '0.1051', 'Buy', '1.222', '1.226', '4.2', '0.33', '1709173090', 'Close'),
(634, '1', '29535323651', 'XAU/USD', '0.1051', 'Buy', '1.222', '1.226', '4.2', '0.33', '1709173090', 'Close'),
(635, '1', '408613116631', 'XAU/USD', '0.1051', 'Buy', '1.222', '1.226', '4.2', '0.33', '1709173090', 'Close'),
(636, '1', '70050404632', 'XAU/USD', '0.1051', 'Buy', '1.222', '1.226', '4.2', '0.33', '1709173090', 'Close'),
(637, '1', '844639002174', 'XAU/USD', '0.1051', 'Buy', '1.222', '1.226', '4.2', '0.33', '1709173090', 'Close'),
(638, '1', '147585020751', 'XAU/USD', '0.1051', 'Buy', '1.222', '1.226', '4.2', '0.33', '1709173090', 'Close'),
(639, '1', '252076193982', 'XAU/USD', '0.2546', 'Buy', '1.222', '1.226', '10.18', '0.33', '1709173090', 'Close'),
(640, '1', '434986871996', 'XAU/USD', '0.2043', 'Buy', '1.222', '1.226', '8.17', '0.33', '1709173090', 'Close'),
(641, '1', '214898991305', 'XAU/USD', '0.2043', 'Buy', '1.222', '1.226', '8.17', '0.33', '1709173090', 'Close'),
(642, '1', '933544998379', 'XAU/USD', '0.0511', 'Buy', '1.222', '1.226', '2.04', '0.33', '1709173090', 'Close'),
(643, '1', '601695547748', 'XAU/USD', '0.2962', 'Buy', '1.222', '1.226', '11.85', '0.33', '1709173090', 'Close'),
(644, '1', '182343126146', 'XAU/USD', '0.0993', 'Buy', '1.222', '1.226', '3.97', '0.33', '1709173090', 'Close'),
(645, '1', '915987328773', 'XAU/USD', '0.2504', 'Buy', '1.222', '1.226', '10.02', '0.33', '1709173090', 'Close'),
(646, '1', '105420733399', 'XAU/USD', '0.112', 'Buy', '1.222', '1.226', '4.48', '0.33', '1709173090', 'Close'),
(647, '1', '510617253334', 'XAU/USD', '0.0264', 'Buy', '1.222', '1.226', '1.06', '0.33', '1709173090', 'Close'),
(648, '1', '790035603955', 'XAU/USD', '0.0501', 'Buy', '1.222', '1.226', '2', '0.33', '1709173090', 'Close'),
(649, '3', '37719460746', 'XAU/USD', '0.286', 'Buy', '1.222', '1.555', '952.38', '21.41', '1709173131', 'Close'),
(650, '3', '869173217718', 'XAU/USD', '0.286', 'Buy', '1.222', '1.555', '952.38', '21.41', '1709173131', 'Close'),
(651, '3', '256164830961', 'XAU/USD', '0.286', 'Buy', '1.222', '1.555', '952.38', '21.41', '1709173131', 'Close'),
(652, '3', '822220952887', 'XAU/USD', '0.286', 'Buy', '1.222', '1.555', '952.38', '21.41', '1709173131', 'Close'),
(653, '3', '550170208890', 'XAU/USD', '0.286', 'Buy', '1.222', '1.555', '952.38', '21.41', '1709173131', 'Close'),
(654, '3', '528734127652', 'XAU/USD', '0.286', 'Buy', '1.222', '1.555', '952.38', '21.41', '1709173131', 'Close'),
(655, '3', '444653325122', 'XAU/USD', '0.286', 'Buy', '1.222', '1.555', '952.38', '21.41', '1709173131', 'Close'),
(656, '3', '275061439265', 'XAU/USD', '0.286', 'Buy', '1.222', '1.555', '952.38', '21.41', '1709173131', 'Close'),
(657, '3', '725339605553', 'XAU/USD', '0.286', 'Buy', '1.222', '1.555', '952.38', '21.41', '1709173131', 'Close'),
(658, '3', '219391310337', 'XAU/USD', '0.286', 'Buy', '1.222', '1.555', '952.38', '21.41', '1709173131', 'Close'),
(659, '3', '786977426953', 'XAU/USD', '0.286', 'Buy', '1.222', '1.555', '952.38', '21.41', '1709173131', 'Close'),
(660, '3', '232590832013', 'XAU/USD', '0.286', 'Buy', '1.222', '1.555', '952.38', '21.41', '1709173131', 'Close'),
(661, '3', '905237375096', 'XAU/USD', '3.4247', 'Buy', '1.222', '1.555', '11404.25', '21.41', '1709173131', 'Close'),
(662, '3', '334578450120', 'XAU/USD', '0.586', 'Buy', '1.222', '1.555', '1951.38', '21.41', '1709173131', 'Close'),
(663, '3', '267903547515', 'XAU/USD', '1.2837', 'Buy', '1.222', '1.555', '4274.72', '21.41', '1709173131', 'Close'),
(664, '3', '682301163761', 'XAU/USD', '0.4693', 'Buy', '1.222', '1.555', '1562.77', '21.41', '1709173131', 'Close'),
(665, '3', '299617767904', 'XAU/USD', '0.4693', 'Buy', '1.222', '1.555', '1562.77', '21.41', '1709173131', 'Close'),
(666, '3', '517093859930', 'XAU/USD', '0.8212', 'Buy', '1.222', '1.555', '2734.6', '21.41', '1709173131', 'Close'),
(667, '3', '670436505615', 'XAU/USD', '0.6804', 'Buy', '1.222', '1.555', '2265.73', '21.41', '1709173131', 'Close'),
(668, '3', '162655228446', 'XAU/USD', '1.2782', 'Buy', '1.222', '1.555', '4256.41', '21.41', '1709173131', 'Close'),
(669, '3', '495363628521', 'XAU/USD', '0.0241', 'Buy', '1.222', '1.555', '80.25', '21.41', '1709173131', 'Close'),
(670, '3', '472013137429', 'XAU/USD', '0.2249', 'Buy', '1.222', '1.555', '748.92', '21.41', '1709173131', 'Close'),
(671, '3', '713883010541', 'XAU/USD', '0.5697', 'Buy', '1.222', '1.555', '1897.1', '21.41', '1709173131', 'Close'),
(672, '3', '920617419335', 'XAU/USD', '0.0878', 'Buy', '1.222', '1.555', '292.37', '21.41', '1709173131', 'Close'),
(673, '3', '638343952155', 'XAU/USD', '0.0118', 'Buy', '1.222', '1.555', '39.29', '21.41', '1709173131', 'Close'),
(674, '3', '857626807697', 'XAU/USD', '1.4887', 'Buy', '1.222', '1.555', '4957.37', '21.41', '1709173131', 'Close'),
(675, '3', '634081280855', 'XAU/USD', '0.0638', 'Buy', '1.222', '1.555', '212.45', '21.41', '1709173131', 'Close'),
(676, '3', '83910547919', 'XAU/USD', '0.0118', 'Buy', '1.222', '1.555', '39.29', '21.41', '1709173131', 'Close'),
(677, '3', '945565138596', 'XAU/USD', '0.0234', 'Buy', '1.222', '1.555', '77.92', '21.41', '1709173131', 'Close'),
(678, '3', '190105278325', 'XAU/USD', '0.0751', 'Buy', '1.222', '1.555', '250.08', '21.41', '1709173131', 'Close'),
(679, '3', '212751531105', 'XAU/USD', '0.0819', 'Buy', '1.222', '1.555', '272.73', '21.41', '1709173132', 'Close'),
(680, '3', '365784086461', 'XAU/USD', '0.0581', 'Buy', '1.222', '1.555', '193.47', '21.41', '1709173132', 'Close'),
(681, '3', '840530099632', 'XAU/USD', '0.103', 'Buy', '1.222', '1.555', '342.99', '21.41', '1709173132', 'Close'),
(682, '3', '625055915424', 'XAU/USD', '0.2503', 'Buy', '1.222', '1.555', '833.5', '21.41', '1709173132', 'Close'),
(683, '3', '37719460746', 'XAU/USD', '0.3622', 'Buy', '1.2299', '1.3000', '253.9', '5.39', '1709173352', 'Close'),
(684, '3', '869173217718', 'XAU/USD', '0.3622', 'Buy', '1.2299', '1.3000', '253.9', '5.39', '1709173352', 'Close'),
(685, '3', '256164830961', 'XAU/USD', '0.3622', 'Buy', '1.2299', '1.3000', '253.9', '5.39', '1709173352', 'Close'),
(686, '3', '822220952887', 'XAU/USD', '0.3622', 'Buy', '1.2299', '1.3000', '253.9', '5.39', '1709173352', 'Close'),
(687, '3', '550170208890', 'XAU/USD', '0.3622', 'Buy', '1.2299', '1.3000', '253.9', '5.39', '1709173352', 'Close'),
(688, '3', '528734127652', 'XAU/USD', '0.3622', 'Buy', '1.2299', '1.3000', '253.9', '5.39', '1709173352', 'Close'),
(689, '3', '444653325122', 'XAU/USD', '0.3622', 'Buy', '1.2299', '1.3000', '253.9', '5.39', '1709173352', 'Close'),
(690, '3', '275061439265', 'XAU/USD', '0.3622', 'Buy', '1.2299', '1.3000', '253.9', '5.39', '1709173352', 'Close'),
(691, '3', '725339605553', 'XAU/USD', '0.3622', 'Buy', '1.2299', '1.3000', '253.9', '5.39', '1709173352', 'Close'),
(692, '3', '219391310337', 'XAU/USD', '0.3622', 'Buy', '1.2299', '1.3000', '253.9', '5.39', '1709173352', 'Close'),
(693, '3', '786977426953', 'XAU/USD', '0.3622', 'Buy', '1.2299', '1.3000', '253.9', '5.39', '1709173352', 'Close'),
(694, '3', '232590832013', 'XAU/USD', '0.3622', 'Buy', '1.2299', '1.3000', '253.9', '5.39', '1709173352', 'Close'),
(695, '3', '905237375096', 'XAU/USD', '4.3369', 'Buy', '1.2299', '1.3000', '3040.17', '5.39', '1709173352', 'Close'),
(696, '3', '334578450120', 'XAU/USD', '0.7421', 'Buy', '1.2299', '1.3000', '520.21', '5.39', '1709173352', 'Close'),
(697, '3', '267903547515', 'XAU/USD', '1.6256', 'Buy', '1.2299', '1.3000', '1139.55', '5.39', '1709173352', 'Close'),
(698, '3', '682301163761', 'XAU/USD', '0.5943', 'Buy', '1.2299', '1.3000', '416.6', '5.39', '1709173352', 'Close'),
(699, '3', '299617767904', 'XAU/USD', '0.5943', 'Buy', '1.2299', '1.3000', '416.6', '5.39', '1709173352', 'Close'),
(700, '3', '517093859930', 'XAU/USD', '1.0399', 'Buy', '1.2299', '1.3000', '728.97', '5.39', '1709173352', 'Close'),
(701, '3', '670436505615', 'XAU/USD', '0.8616', 'Buy', '1.2299', '1.3000', '603.98', '5.39', '1709173352', 'Close'),
(702, '3', '162655228446', 'XAU/USD', '1.6186', 'Buy', '1.2299', '1.3000', '1134.64', '5.39', '1709173352', 'Close'),
(703, '3', '495363628521', 'XAU/USD', '0.0305', 'Buy', '1.2299', '1.3000', '21.38', '5.39', '1709173352', 'Close'),
(704, '3', '472013137429', 'XAU/USD', '0.2848', 'Buy', '1.2299', '1.3000', '199.64', '5.39', '1709173352', 'Close'),
(705, '3', '713883010541', 'XAU/USD', '0.7214', 'Buy', '1.2299', '1.3000', '505.7', '5.39', '1709173352', 'Close'),
(706, '3', '920617419335', 'XAU/USD', '0.1112', 'Buy', '1.2299', '1.3000', '77.95', '5.39', '1709173352', 'Close'),
(707, '3', '638343952155', 'XAU/USD', '0.0149', 'Buy', '1.2299', '1.3000', '10.44', '5.39', '1709173352', 'Close'),
(708, '3', '857626807697', 'XAU/USD', '1.8852', 'Buy', '1.2299', '1.3000', '1321.53', '5.39', '1709173352', 'Close'),
(709, '3', '634081280855', 'XAU/USD', '0.0808', 'Buy', '1.2299', '1.3000', '56.64', '5.39', '1709173352', 'Close'),
(710, '3', '83910547919', 'XAU/USD', '0.0149', 'Buy', '1.2299', '1.3000', '10.44', '5.39', '1709173352', 'Close'),
(711, '3', '945565138596', 'XAU/USD', '0.0297', 'Buy', '1.2299', '1.3000', '20.82', '5.39', '1709173352', 'Close'),
(712, '3', '190105278325', 'XAU/USD', '0.0951', 'Buy', '1.2299', '1.3000', '66.67', '5.39', '1709173352', 'Close'),
(713, '3', '212751531105', 'XAU/USD', '0.1037', 'Buy', '1.2299', '1.3000', '72.69', '5.39', '1709173352', 'Close'),
(714, '3', '365784086461', 'XAU/USD', '0.0736', 'Buy', '1.2299', '1.3000', '51.59', '5.39', '1709173352', 'Close'),
(715, '3', '840530099632', 'XAU/USD', '0.1305', 'Buy', '1.2299', '1.3000', '91.48', '5.39', '1709173352', 'Close'),
(716, '3', '625055915424', 'XAU/USD', '0.317', 'Buy', '1.2299', '1.3000', '222.22', '5.39', '1709173352', 'Close'),
(717, '3', '174269992718', 'XAU/USD', '0.01', 'Buy', '1.2299', '1.3000', '7.01', '5.39', '1709173352', 'Close'),
(718, '3', '37719460746', 'XAU/USD', '0.3824', 'Buy', '1.2299', '1.3500', '459.26', '8.9', '1709173408', 'Close'),
(719, '3', '869173217718', 'XAU/USD', '0.3824', 'Buy', '1.2299', '1.3500', '459.26', '8.9', '1709173408', 'Close'),
(720, '3', '256164830961', 'XAU/USD', '0.3824', 'Buy', '1.2299', '1.3500', '459.26', '8.9', '1709173408', 'Close'),
(721, '3', '822220952887', 'XAU/USD', '0.3824', 'Buy', '1.2299', '1.3500', '459.26', '8.9', '1709173408', 'Close'),
(722, '3', '550170208890', 'XAU/USD', '0.3824', 'Buy', '1.2299', '1.3500', '459.26', '8.9', '1709173408', 'Close'),
(723, '3', '528734127652', 'XAU/USD', '0.3824', 'Buy', '1.2299', '1.3500', '459.26', '8.9', '1709173408', 'Close'),
(724, '3', '444653325122', 'XAU/USD', '0.3824', 'Buy', '1.2299', '1.3500', '459.26', '8.9', '1709173408', 'Close'),
(725, '3', '275061439265', 'XAU/USD', '0.3824', 'Buy', '1.2299', '1.3500', '459.26', '8.9', '1709173408', 'Close'),
(726, '3', '725339605553', 'XAU/USD', '0.3824', 'Buy', '1.2299', '1.3500', '459.26', '8.9', '1709173408', 'Close'),
(727, '3', '219391310337', 'XAU/USD', '0.3824', 'Buy', '1.2299', '1.3500', '459.26', '8.9', '1709173408', 'Close'),
(728, '3', '786977426953', 'XAU/USD', '0.3824', 'Buy', '1.2299', '1.3500', '459.26', '8.9', '1709173408', 'Close'),
(729, '3', '232590832013', 'XAU/USD', '0.3824', 'Buy', '1.2299', '1.3500', '459.26', '8.9', '1709173408', 'Close'),
(730, '3', '905237375096', 'XAU/USD', '4.5798', 'Buy', '1.2299', '1.3500', '5500.34', '8.9', '1709173408', 'Close'),
(731, '3', '334578450120', 'XAU/USD', '0.7837', 'Buy', '1.2299', '1.3500', '941.22', '8.9', '1709173408', 'Close'),
(732, '3', '267903547515', 'XAU/USD', '1.7167', 'Buy', '1.2299', '1.3500', '2061.76', '8.9', '1709173408', 'Close'),
(733, '3', '682301163761', 'XAU/USD', '0.6276', 'Buy', '1.2299', '1.3500', '753.75', '8.9', '1709173408', 'Close'),
(734, '3', '299617767904', 'XAU/USD', '0.6276', 'Buy', '1.2299', '1.3500', '753.75', '8.9', '1709173408', 'Close'),
(735, '3', '517093859930', 'XAU/USD', '1.0982', 'Buy', '1.2299', '1.3500', '1318.94', '8.9', '1709173408', 'Close'),
(736, '3', '670436505615', 'XAU/USD', '0.9099', 'Buy', '1.2299', '1.3500', '1092.79', '8.9', '1709173408', 'Close'),
(737, '3', '162655228446', 'XAU/USD', '1.7093', 'Buy', '1.2299', '1.3500', '2052.87', '8.9', '1709173408', 'Close'),
(738, '3', '495363628521', 'XAU/USD', '0.0322', 'Buy', '1.2299', '1.3500', '38.67', '8.9', '1709173408', 'Close'),
(739, '3', '472013137429', 'XAU/USD', '0.3007', 'Buy', '1.2299', '1.3500', '361.14', '8.9', '1709173408', 'Close'),
(740, '3', '713883010541', 'XAU/USD', '0.7618', 'Buy', '1.2299', '1.3500', '914.92', '8.9', '1709173408', 'Close'),
(741, '3', '920617419335', 'XAU/USD', '0.1174', 'Buy', '1.2299', '1.3500', '141', '8.9', '1709173408', 'Close'),
(742, '3', '638343952155', 'XAU/USD', '0.0157', 'Buy', '1.2299', '1.3500', '18.86', '8.9', '1709173408', 'Close'),
(743, '3', '857626807697', 'XAU/USD', '1.9908', 'Buy', '1.2299', '1.3500', '2390.95', '8.9', '1709173408', 'Close'),
(744, '3', '634081280855', 'XAU/USD', '0.0853', 'Buy', '1.2299', '1.3500', '102.45', '8.9', '1709173408', 'Close'),
(745, '3', '83910547919', 'XAU/USD', '0.0157', 'Buy', '1.2299', '1.3500', '18.86', '8.9', '1709173408', 'Close'),
(746, '3', '945565138596', 'XAU/USD', '0.0313', 'Buy', '1.2299', '1.3500', '37.59', '8.9', '1709173408', 'Close'),
(747, '3', '190105278325', 'XAU/USD', '0.1004', 'Buy', '1.2299', '1.3500', '120.58', '8.9', '1709173408', 'Close'),
(748, '3', '212751531105', 'XAU/USD', '0.1095', 'Buy', '1.2299', '1.3500', '131.51', '8.9', '1709173408', 'Close'),
(749, '3', '365784086461', 'XAU/USD', '0.0777', 'Buy', '1.2299', '1.3500', '93.32', '8.9', '1709173408', 'Close'),
(750, '3', '840530099632', 'XAU/USD', '0.1378', 'Buy', '1.2299', '1.3500', '165.5', '8.9', '1709173408', 'Close'),
(751, '3', '625055915424', 'XAU/USD', '0.3348', 'Buy', '1.2299', '1.3500', '402.09', '8.9', '1709173408', 'Close'),
(752, '3', '174269992718', 'XAU/USD', '0.0106', 'Buy', '1.2299', '1.3500', '12.73', '8.9', '1709173408', 'Close'),
(753, '3', '37719460746', 'XAU/USD', '0.4192', 'Buy', '1.2299', '1.3800', '629.22', '10.88', '1709173417', 'Close'),
(754, '3', '869173217718', 'XAU/USD', '0.4192', 'Buy', '1.2299', '1.3800', '629.22', '10.88', '1709173417', 'Close'),
(755, '3', '256164830961', 'XAU/USD', '0.4192', 'Buy', '1.2299', '1.3800', '629.22', '10.88', '1709173417', 'Close'),
(756, '3', '822220952887', 'XAU/USD', '0.4192', 'Buy', '1.2299', '1.3800', '629.22', '10.88', '1709173417', 'Close'),
(757, '3', '550170208890', 'XAU/USD', '0.4192', 'Buy', '1.2299', '1.3800', '629.22', '10.88', '1709173417', 'Close'),
(758, '3', '528734127652', 'XAU/USD', '0.4192', 'Buy', '1.2299', '1.3800', '629.22', '10.88', '1709173417', 'Close'),
(759, '3', '444653325122', 'XAU/USD', '0.4192', 'Buy', '1.2299', '1.3800', '629.22', '10.88', '1709173417', 'Close'),
(760, '3', '275061439265', 'XAU/USD', '0.4192', 'Buy', '1.2299', '1.3800', '629.22', '10.88', '1709173417', 'Close'),
(761, '3', '725339605553', 'XAU/USD', '0.4192', 'Buy', '1.2299', '1.3800', '629.22', '10.88', '1709173417', 'Close'),
(762, '3', '219391310337', 'XAU/USD', '0.4192', 'Buy', '1.2299', '1.3800', '629.22', '10.88', '1709173417', 'Close'),
(763, '3', '786977426953', 'XAU/USD', '0.4192', 'Buy', '1.2299', '1.3800', '629.22', '10.88', '1709173417', 'Close'),
(764, '3', '232590832013', 'XAU/USD', '0.4192', 'Buy', '1.2299', '1.3800', '629.22', '10.88', '1709173417', 'Close'),
(765, '3', '334578450120', 'XAU/USD', '0.859', 'Buy', '1.2299', '1.3800', '1289.36', '10.88', '1709173417', 'Close'),
(766, '3', '267903547515', 'XAU/USD', '1.8817', 'Buy', '1.2299', '1.3800', '2824.43', '10.88', '1709173417', 'Close'),
(767, '3', '682301163761', 'XAU/USD', '0.6879', 'Buy', '1.2299', '1.3800', '1032.54', '10.88', '1709173417', 'Close'),
(768, '3', '299617767904', 'XAU/USD', '0.6879', 'Buy', '1.2299', '1.3800', '1032.54', '10.88', '1709173417', 'Close'),
(769, '3', '517093859930', 'XAU/USD', '1.2037', 'Buy', '1.2299', '1.3800', '1806.75', '10.88', '1709173417', 'Close'),
(770, '3', '670436505615', 'XAU/USD', '0.9974', 'Buy', '1.2299', '1.3800', '1497.1', '10.88', '1709173417', 'Close'),
(771, '3', '162655228446', 'XAU/USD', '1.8736', 'Buy', '1.2299', '1.3800', '2812.27', '10.88', '1709173417', 'Close'),
(772, '3', '495363628521', 'XAU/USD', '0.0353', 'Buy', '1.2299', '1.3800', '52.99', '10.88', '1709173417', 'Close'),
(773, '3', '472013137429', 'XAU/USD', '0.3296', 'Buy', '1.2299', '1.3800', '494.73', '10.88', '1709173417', 'Close'),
(774, '3', '713883010541', 'XAU/USD', '0.8351', 'Buy', '1.2299', '1.3800', '1253.49', '10.88', '1709173417', 'Close'),
(775, '3', '920617419335', 'XAU/USD', '0.1287', 'Buy', '1.2299', '1.3800', '193.18', '10.88', '1709173417', 'Close'),
(776, '3', '638343952155', 'XAU/USD', '0.0172', 'Buy', '1.2299', '1.3800', '25.82', '10.88', '1709173417', 'Close'),
(777, '3', '857626807697', 'XAU/USD', '2.1822', 'Buy', '1.2299', '1.3800', '3275.48', '10.88', '1709173417', 'Close'),
(778, '3', '634081280855', 'XAU/USD', '0.0935', 'Buy', '1.2299', '1.3800', '140.34', '10.88', '1709173417', 'Close'),
(779, '3', '83910547919', 'XAU/USD', '0.0172', 'Buy', '1.2299', '1.3800', '25.82', '10.88', '1709173417', 'Close'),
(780, '3', '945565138596', 'XAU/USD', '0.0343', 'Buy', '1.2299', '1.3800', '51.48', '10.88', '1709173417', 'Close'),
(781, '3', '190105278325', 'XAU/USD', '0.1101', 'Buy', '1.2299', '1.3800', '165.26', '10.88', '1709173417', 'Close'),
(782, '3', '212751531105', 'XAU/USD', '0.12', 'Buy', '1.2299', '1.3800', '180.12', '10.88', '1709173417', 'Close'),
(783, '3', '365784086461', 'XAU/USD', '0.0852', 'Buy', '1.2299', '1.3800', '127.89', '10.88', '1709173417', 'Close'),
(784, '3', '840530099632', 'XAU/USD', '0.151', 'Buy', '1.2299', '1.3800', '226.65', '10.88', '1709173417', 'Close'),
(785, '3', '625055915424', 'XAU/USD', '0.3669', 'Buy', '1.2299', '1.3800', '550.72', '10.88', '1709173417', 'Close'),
(786, '3', '174269992718', 'XAU/USD', '0.0116', 'Buy', '1.2299', '1.3800', '17.41', '10.88', '1709173417', 'Close');

-- --------------------------------------------------------

--
-- Table structure for table `trx_proof`
--

CREATE TABLE `trx_proof` (
  `id` int NOT NULL,
  `req_id` varchar(255) NOT NULL,
  `img_path` varchar(100) NOT NULL
) ENGINE=InnoDB DEFAULT CHARSET=latin1;

-- --------------------------------------------------------

--
-- Table structure for table `users`
--

CREATE TABLE `users` (
  `id` int NOT NULL,
  `email` varchar(100) NOT NULL,
  `pass` varchar(100) NOT NULL,
  `full_name` varchar(100) NOT NULL,
  `username` varchar(111) NOT NULL,
  `pic` varchar(255) NOT NULL,
  `ref` varchar(11) NOT NULL,
  `phone` varchar(100) NOT NULL,
  `status` varchar(255) NOT NULL,
  `register_date` varchar(100) NOT NULL
) ENGINE=InnoDB DEFAULT CHARSET=latin1;

--
-- Dumping data for table `users`
--

INSERT INTO `users` (`id`, `email`, `pass`, `full_name`, `username`, `pic`, `ref`, `phone`, `status`, `register_date`) VALUES
(100001, 'company@dailytrade.one', 'AdminAdmin', 'Company', 'company', 'profile.png', '100001', '666666', '1', '100000000'),
(100079, 'a@gmail.com', '123456', 'a a', 'aaa', '/dashboard/profile.png', '100001', '56165165', '1', '1642327647'),
(100080, 'tyt@gmail.com', '123456', 'bb bb', 'bbb', '/dashboard/profile.png', '100079', '2654565', '1', '1642327837'),
(100081, 'a.1.a@gmail.com', 'aaa101', 'a1 aa1', 'aaa1', '/dashboard/profile.png', '100079', '765746876', '1', '1642327968'),
(100082, 'faff@gmail.com', '123456', 'cc cc', 'ccc', '/dashboard/profile.png', '100080', '56465', '1', '1642327972'),
(100083, 'g@gmail.com', '123456', 'dd dd', 'ddd', '/dashboard/profile.png', '100082', '4654564', '1', '1642328261'),
(100084, 'a.e.r@gmail.com', '12345', 'a2 a2', 'aaa2', '/dashboard/profile.png', '100081', '675764563', '1', '1642328282'),
(100085, 'e@gmail.com', '123456', 'ee ee', 'eee', '/dashboard/profile.png', '100083', '1456465', '1', '1642328342'),
(100086, '123aw@gmail.com', '12345', 'a3 a3', 'aaa3', '/dashboard/profile.png', '100084', '99827663', '1', '1642328449'),
(100087, 'f@gmail.com', '123456', 'ff ff', 'fff', '/dashboard/profile.png', '100085', '2154', '1', '1642328494'),
(100088, 'uujjhg@gmail.com', '12345', 'a4 a4', 'aaa4', '/dashboard/profile.png', '100086', '938475847859', '1', '1642328584'),
(100089, 'sdygfud@gmail.com', '12345', 'a5 a5', 'aaa5', '/dashboard/profile.png', '100088', '3487568734', '1', '1642328711'),
(100090, 'ytgyg@gmail.com', '12345', 'a6 a6', 'aaa6', '/dashboard/profile.png', '100089', '23784687236478', '1', '1642328922'),
(100091, 'kenzoavanipaty@gmail.com', 'tynokeren31', 'Kenzo Avanipaty', 'Kenzo', '/dashboard/uploads/profile/Kenzo/79bc81254408bf074efd103ce26de1f3.jpg', '100001', '081318777766', '1', '1642333445'),
(100092, 'thedrumerss@gmail.com', 'daniel123', 'Daniel Tri Satria', 'thedrumerss@gmail.com', '/dashboard/uploads/profile/thedrumerss@gmail.com/e464f1fe48bd69e083ed4994686abe7a.jpg', '100091', '081271409222', '1', '1642334164'),
(100093, 'seraphim.profesional@gmail.com', 'Asshole12345', 'kenny Ava', 'kenny.ava', '/dashboard/uploads/profile/kenny.ava/736649576b33b86ade5f4774e29d94ec.jpg', '100091', '6287741000073', '1', '1642334181'),
(100094, 'akbarsp2402@gmail.com', 'infinitearrow2424', 'Akbar Sido Pekso', 'Mas E', '/dashboard/uploads/profile/Mas E/fb86fd62fac91a0c28d9b40f8ce8d1ef.jpg', '100091', '083808604350', '1', '1642334676'),
(100095, 'rifkydanu51@gmail.com', 'infinitearrow', 'rifky danu diputra', 'rifkydans', '/dashboard/uploads/profile/rifkydans/aeda1abc21604ded3e058e41251cfaab.jpeg', '100091', '085922264542', '1', '1642334912'),
(100096, 'guidhodo@gmail.com', '@guidho12', 'Guidho Francois', 'IDO', '/dashboard/uploads/profile/IDO/84f844d76d54f1fbd80d22b00b9a8299.jpg', '100095', '085921137882', '1', '1642335153'),
(100097, 'bostrader2016@gmail.com', 'Adie2016', 'ADI SAPUTRA', 'HOKYTRADE22', '/dashboard/profile.png', '100091', '082255058333', '1', '1642335157'),
(100098, 'darrel.decoration@gmail.com', 'sembilan9', 'lukman effendy', 'darrel.decoration@gmail.com', '/dashboard/profile.png', '100092', '082178131211', '1', '1642335703'),
(100099, 'jessicahrss@gmail.com', 'jess123', 'Jessica .', 'jessicahrss@gmail.com', '/dashboard/profile.png', '100092', '081270859407', '1', '1642335765'),
(100100, 'obengsatu@gmail.com', 'gogon123', 'Nur Rokhim', 'obengsatu@gmail.com', '/dashboard/profile.png', '100092', '082249323772', '1', '1642335874'),
(100101, 'Syrdha@gmail.com', 'Bismillah26', 'Sirda Handayani', 'Perikecil26', '/dashboard/profile.png', '100091', '08119727726', '1', '1642336130'),
(100102, 'mochamad.mundori@gmail.com', '@Mamat112233', 'Mochamad Mundori', 'romet', '/dashboard/profile.png', '100092', '082226430113', '1', '1642336276'),
(100103, 'cobainhanafi@gmail.com', 'hanafi123', 'Hanafi Malik', 'Hanafimalik', '/dashboard/profile.png', '100094', '081261556566', '1', '1642336736'),
(100104, 'natajayajepara@gmail.com', 'Berkah99', 'Harnoto  Harnoto', 'Natajaya01', '/dashboard/profile.png', '100091', '085326544443', '1', '1642340695'),
(100105, 'joe58rajendra@gmail.com', '123456789day', 'Bang  J', 'Bang J', '/dashboard/profile.png', '100091', '085855527232', '1', '1642353244'),
(100106, 'komodismeinspira@gmail.com', 'komodo123', 'Budi Setiawan  Podutolo', 'Bewok', '/dashboard/profile.png', '100091', '0821588802860', '1', '1642369570'),
(100107, 'rickyblues.irawan@gmail.com', 'walaupun123', 'ricky irawan', 'rickyirawan', '/dashboard/profile.png', '100095', '087883156255', '1', '1642393990'),
(100108, 'nisasyafinaa@gmail.com', '123456', 'nisa syafina', 'nisasya', '/dashboard/profile.png', '100095', '081314909441', '1', '1642394067'),
(100109, 'alfi.maulana1997@gmail.com', 'alfimau1997', 'alfi maulana', 'alfimau', '/dashboard/profile.png', '100095', '085885425581', '1', '1642394139'),
(100110, 'rinaa.sulistyowati@gmail.com', 'moderen001', 'rina suliatyowati', 'rinatyo', '/dashboard/profile.png', '100095', '085885425581', '1', '1642394215'),
(100111, 'bayufirdaus9190@gmail.com', 'Cabut123', 'Bayu  Firdaus', 'Tuan Muda', '/dashboard/uploads/profile/Tuan Muda/aecbb4fb4d1df756cfc4bef601b10616.jpeg', '100096', '087778936000', '1', '1642395137'),
(100112, 'jessicachrss@gmail.com', 'jess123', 'Jessica .', 'jessicachrss@gmail.com', '/dashboard/uploads/profile/jessicachrss@gmail.com/0ef7b1148346e750c8caa9d4e620586a.jpg', '100092', '081270859407', '1', '1642412920'),
(100113, 'darrell.decoration@gmail.com', 'sembilan9', 'Lukman Effendy', 'darrell.decoration@gmail.com', '/dashboard/profile.png', '100092', '082178131211', '1', '1642414291'),
(100114, 'permanaalfiansyah5@gmail.com', 'alfin123', 'Alfiansyah Dwi Permana Junaedi', 'Adp', '/dashboard/profile.png', '100001', '087726281707', '1', '1642419514'),
(100115, 'alfiansyahpermana2801@gmail.com', 'alfin123', 'Alfiansyah Dwi Permana Junaedi', 'Alfiansyahpermana', '/dashboard/uploads/profile/Alfiansyahpermana/d417c04010580255e0d31d55e2b08d90.jpg', '100094', '087726281707', '1', '1642496516'),
(100116, 'okisaputraki@gmail.con', '123456', 'oki saputra', 'okisaput', '/dashboard/profile.png', '100095', '082110807701', '1', '1642510671'),
(100117, 'teukuaal@gmail.com', 'treyfr13', 'Teuku Aal', 'teukuaal13', '/dashboard/profile.png', '100093', '082165795485', '1', '1642510975'),
(100118, 'nurhouse13@gmail.com', 'B@rokah99', 'Nur Husni', 'N13', '/dashboard/uploads/profile/N13/af39694ee922c130a1a5960297a4eee1.jpeg', '100104', '0811274321', '1', '1642513328'),
(100119, 'shimajpr@gmail.com', 'langon01', 'Faiz Ulin Nuha', 'sukses001', '/dashboard/profile.png', '100118', '081225783224', '1', '1642514248'),
(100120, 'bellanur.arianti@gmail.com', 'bella28', 'bella Ariyanti', 'bellanurariyanti', '/dashboard/profile.png', '100001', '085694836025', '1', '1642517089'),
(100121, 'pkemngoo.1606@gmail.com', 'Bobys123', 'aksdka askdaksd', 'aksdkasd', '/dashboard/profile.png', '100001', '9128391823', '1', '1642570642'),
(100122, 'pkemn.goo.1606@gmail.com', 'Bobys123', 'aksdka askdaksd7', 'aksdkasd7', '/dashboard/profile.png', '100001', '9128391823', '1', '1642570712'),
(100123, 'pke.mn.goo.1606@gmail.com', 'Bobys123', 'aksdka askdaksd78', 'aksdkasd78', '/dashboard/profile.png', '100001', '9128391823', '1', '1642570811'),
(100124, 'pke.mn.goo1606@gmail.com', 'Bobys123', 'aksdka ahahah17', 'ahaha17', '/dashboard/profile.png', '100001', '9128391823', '1', '1642571018'),
(100125, 'vosihe4687@douwx.com', 'Bobys123', 'aa aa', 'testemail1', '/dashboard/profile.png', '100001', '1982391', '1', '1642571202'),
(100126, 'laknuhurzo@vusra.com', 'Bobys123', 'aa aa', 'testemail111', '/dashboard/profile.png', '100001', '1982391', '1', '1642571302'),
(100127, 'hdinuafifah1@gmail.com', 'Bobys123', 'aa aa', 'testemail1112', '/dashboard/profile.png', '100001', '1982391', '1', '1642571422'),
(100128, 'niknerimli@vusra.com', 'Bobys123', 'aa aa', '3testemail1112', '/dashboard/profile.png', '100001', '1982391', '0', '1642571735'),
(100129, 'pkemng.oo.1606@gmail.com', 'Bobys123', 'aa aa', '3testem2', '/dashboard/profile.png', '100001', '1982391', '1', '1642572967'),
(100130, 'alifyarahmannn@gmail.com', 'beastb2st', 'Alifya Rahman', 'Alifyarhman', '/dashboard/profile.png', '100001', '089607723663', '1', '1642586141'),
(100131, 'emeraldagency88@gmail.com', 'tynokeren32', 'Wolf STREET', 'Wolf Street', '/dashboard/profile.png', '100091', '081318777766', '1', '1642597715'),
(100132, 'adefikridrawz@gmail.com', 'm4rh4m4h', 'Ade Fikri', 'Adeku', '/dashboard/profile.png', '100001', '081294428701', '1', '1642598213'),
(100133, 'adefikrirmdhn@gmail.com', 'm4rh4m4h', 'Ade Fikri', 'Adefikri', '/dashboard/profile.png', '100092', '081294428701', '1', '1642598691'),
(100134, 'dotxdaf@gmail.com', 'Tasikmalaya2026', 'Dimas  Akbar faisal', 'Daf', '/dashboard/profile.png', '100092', '082119366678', '1', '1642604380'),
(100135, 'indaahnh@gmail.com', 'indah12345', 'Indah NH', 'Indah', '/dashboard/uploads/profile/Indah/1fc90de43e6e04c25fbcf81c5d4a081c.jpg', '100096', '087811031102', '1', '1642664206'),
(100136, 'regin4.salim@gmail.con', '123456', 'gina gintul', 'gican', '/dashboard/profile.png', '100096', '087771350505', '0', '1642671284'),
(100137, 'smartboteasytrading@gmail.com', 'Sementara12,', 'nur  yasin ', 'adi1945', '/dashboard/profile.png', '100001', '085876454886', '1', '1642751500'),
(100138, 'romohadiwijoyo@gmail.com', 'majapahit73', 'Gatot Hadiwijoyo', 'pajangrahayu', '/dashboard/profile.png', '100093', '08161668290', '1', '1642753535'),
(100139, 'sadisadot08@gmail.com', 'Tasikmalaya08', 'Sadi Sadot', 'Sadot', '/dashboard/profile.png', '100134', '082119366678', '1', '1642754403'),
(100140, 'mufadjri@gmail.com', 'zayd0303', 'MUFAJRI 30', 'genzu30', '/dashboard/uploads/profile/genzu30/f2acad50f0f91327cbf534a76157c339.jpg', '100101', '085336000965', '1', '1642781168'),
(100141, 'gabrielsimatupang833@gmail.com', 'simatupang25', 'Gabrielo Simatupang', 'Sabo', '/dashboard/profile.png', '100101', '085288848083', '1', '1642838775'),
(100142, 'nurlailyzakiyah@gmail.com', 'Prasetyo1965', 'Nur Laily  Zakiyah', 'Nurlaily57', '/dashboard/profile.png', '100105', '082233464006', '1', '1642842092'),
(100143, 'riyhoo86@gmail.com', 'cok229', 'Riyho Kurniawan', 'Ruyuang', '/dashboard/profile.png', '100001', '081311439192', '1', '1642862242'),
(100144, 'ari.ulum25@gmail.com', '04041995', 'Jaenal  Fahroji', 'Jaenal fahroji', '/dashboard/profile.png', '100001', '089606397013', '0', '1643023186'),
(100145, 'mutyarahman19@gmail.com', 'kesayangandanu', 'mutya rahman', 'mutyaman', '/dashboard/profile.png', '100095', '085865971146', '1', '1643116825'),
(100146, 'michaeltobing4583@gmail.com', 'miketob4583', 'Michael Winston', 'Miketob45', '/dashboard/profile.png', '100093', '081298559820', '1', '1643132687'),
(100147, 'karambut89@gmail.com', 'Thoper89', 'Christopher B. Karambut', 'Thoper', '/dashboard/profile.png', '100093', '085350449033', '1', '1643191445'),
(100148, 'ferdinand_pradana@yahoo.com', 'mayling', 'Ferdinand Pradana Karmadi', 'limferdi', '/dashboard/profile.png', '100001', '0818181083', '1', '1643272111'),
(100149, 'fakhriardhan17@gmail.com', 'Slipknot2698', 'Fakhri Ardhan A', 'dhandipay', '/dashboard/profile.png', '100094', '0895701537718', '1', '1643299353'),
(100150, 'ivandgiv0910@gmail.com', 's14ntur1', 'Ivand Givliano', 'Ivandgiv0910', '/dashboard/profile.png', '100001', '082129792413', '1', '1643335351'),
(100151, 'agungdasars@gmail.com', 'Garuda12', 'Agung Darmawan', 'Darrmaone', '/dashboard/profile.png', '100094', '081219020205', '0', '1643362127'),
(100152, 'woyyakalidah@gmail.com', 'Garuda12', 'Agung Darmawan', 'Agungdarss', '/dashboard/profile.png', '100094', '081219020205', '1', '1643362231'),
(100153, 'herucahyono8@gmail.con', 'jnekemandoran', 'heru cahyono', 'hercah', '/dashboard/profile.png', '100095', '081807166452', '0', '1643666326'),
(100154, 'deryarmy08@gmail.com', 'fortune29', 'Dery Armiansyah', 'Kadey', '/dashboard/profile.png', '100094', '081398211818', '1', '1643761374'),
(100155, 'deckykreatif56@gmail.com', 'R@hasia55', 'M Decky Arisandi A S', 'TUKEDO', '/dashboard/profile.png', '100091', '082183655816', '1', '1643805424'),
(100156, 'cashintrus@gmail.com', 'Tekan123*#', 'Ariandra Miruwardhana', 'Andra21', '/dashboard/profile.png', '100155', '081381998001', '1', '1643811656'),
(100157, 'rahmat.mhamet27@gmail.com', '123456789oke', 'Rahmat Saputra Dt Rahmat', 'Daeng27', '/dashboard/profile.png', '100094', '085697213440', '1', '1643886635'),
(100158, 'Yasirli.mbr@gmail.com', 'Lilik1234', 'M. YASSIRLI MUBAROK', 'Lilik', '/dashboard/profile.png', '100118', '6282223699919', '1', '1643985890'),
(100159, 'felita_16@yahoo.com', 'felitafeifei', 'Felita Feifei', 'felitafei', '/dashboard/profile.png', '100096', '089515528370', '1', '1644074201'),
(100160, 'bustanulhakim84@gmail.com', 'aaa111$$', 'Bustanul Hakim', 'Kimyowkim', '/dashboard/profile.png', '100104', '089636799845', '0', '1644114641'),
(100161, 'izqibian@gmail.com', 'Zea23456', 'Dina Mardiana', 'Dina Mardiana', '/dashboard/profile.png', '100001', '081389021037', '0', '1644276407');

-- --------------------------------------------------------

--
-- Table structure for table `user_package`
--

CREATE TABLE `user_package` (
  `id` int NOT NULL,
  `userid` varchar(111) NOT NULL,
  `package_id` int NOT NULL,
  `date_modify` varchar(111) NOT NULL
) ENGINE=InnoDB DEFAULT CHARSET=latin1;

-- --------------------------------------------------------

--
-- Table structure for table `wallet`
--

CREATE TABLE `wallet` (
  `userid` int NOT NULL,
  `fund` varchar(100) NOT NULL,
  `date_modify` varchar(111) NOT NULL
) ENGINE=InnoDB DEFAULT CHARSET=latin1;

--
-- Dumping data for table `wallet`
--

INSERT INTO `wallet` (`userid`, `fund`, `date_modify`) VALUES
(100001, '0', '1640018594'),
(100079, '0', '1642327647'),
(100080, '0', '1642327837'),
(100081, '0', '1642327968'),
(100082, '0', '1642327972'),
(100083, '0', '1642328261'),
(100084, '0', '1642328282'),
(100085, '0', '1642328342'),
(100086, '0', '1642328449'),
(100087, '0', '1642328494'),
(100088, '0', '1642328584'),
(100089, '0', '1642328711'),
(100090, '0', '1642328922'),
(100091, '0', '1642333445'),
(100092, '227', '1642334164'),
(100093, '10', '1642334181'),
(100094, '520', '1642334676'),
(100095, '890', '1644082477'),
(100096, '600', '1642335153'),
(100097, '0', '1642335157'),
(100098, '0', '1642335703'),
(100099, '0', '1642335765'),
(100100, '0', '1642335874'),
(100101, '0', '1642336130'),
(100102, '0', '1642336276'),
(100103, '0', '1642336736'),
(100104, '3550', '1642340695'),
(100105, '963.9', '1642353244'),
(100106, '5560', '1642369570'),
(100107, '0', '1642393990'),
(100108, '0', '1642394067'),
(100109, '0', '1642394139'),
(100110, '0', '1642394215'),
(100111, '0', '1642395137'),
(100112, '0', '1642412920'),
(100113, '54', '1642414291'),
(100114, '0', '1642419514'),
(100115, '0', '1642496516'),
(100116, '0', '1642510671'),
(100117, '0', '1642510975'),
(100118, '0', '1642513328'),
(100119, '0', '1642514248'),
(100120, '0', '1642517089'),
(100121, '0', '1642570642'),
(100122, '0', '1642570712'),
(100123, '0', '1642570811'),
(100124, '0', '1642571018'),
(100125, '0', '1642571202'),
(100126, '0', '1642571302'),
(100127, '0', '1642571422'),
(100128, '0', '1642571735'),
(100129, '0', '1642572967'),
(100130, '0', '1642586141'),
(100131, '0', '1642597715'),
(100132, '0', '1642598213'),
(100133, '100', '1642598691'),
(100134, '0', '1642604380'),
(100135, '0', '1642664206'),
(100136, '0', '1642671284'),
(100137, '0', '1642751500'),
(100138, '10', '1642753535'),
(100139, '0', '1642754403'),
(100140, '1200', '1642781168'),
(100141, '0', '1642838775'),
(100142, '0', '1642842092'),
(100143, '0', '1642862242'),
(100144, '0', '1643023186'),
(100145, '0', '1643116825'),
(100146, '0', '1643132687'),
(100147, '0', '1643191445'),
(100148, '0', '1643272111'),
(100149, '0', '1643299353'),
(100150, '0', '1643335351'),
(100151, '0', '1643362127'),
(100152, '0', '1643362231'),
(100153, '0', '1643666326'),
(100154, '0', '1643761374'),
(100155, '0', '1643805424'),
(100156, '0', '1643811656'),
(100157, '0', '1643886635'),
(100158, '0', '1643985890'),
(100159, '0', '1644074201'),
(100160, '0', '1644114641'),
(100161, '0', '1644276407');

--
-- Indexes for dumped tables
--

--
-- Indexes for table `activate`
--
ALTER TABLE `activate`
  ADD PRIMARY KEY (`id`);

--
-- Indexes for table `admin`
--
ALTER TABLE `admin`
  ADD PRIMARY KEY (`id`);

--
-- Indexes for table `admin_bank`
--
ALTER TABLE `admin_bank`
  ADD PRIMARY KEY (`id`);

--
-- Indexes for table `admin_routes`
--
ALTER TABLE `admin_routes`
  ADD PRIMARY KEY (`id`);

--
-- Indexes for table `bank`
--
ALTER TABLE `bank`
  ADD PRIMARY KEY (`id`);

--
-- Indexes for table `hash`
--
ALTER TABLE `hash`
  ADD PRIMARY KEY (`id`);

--
-- Indexes for table `history`
--
ALTER TABLE `history`
  ADD PRIMARY KEY (`id`);

--
-- Indexes for table `idr`
--
ALTER TABLE `idr`
  ADD PRIMARY KEY (`uid`);

--
-- Indexes for table `manager`
--
ALTER TABLE `manager`
  ADD PRIMARY KEY (`id`);

--
-- Indexes for table `package`
--
ALTER TABLE `package`
  ADD PRIMARY KEY (`package_id`);

--
-- Indexes for table `profit_sharing`
--
ALTER TABLE `profit_sharing`
  ADD PRIMARY KEY (`id`);

--
-- Indexes for table `rate`
--
ALTER TABLE `rate`
  ADD PRIMARY KEY (`id`);

--
-- Indexes for table `request`
--
ALTER TABLE `request`
  ADD PRIMARY KEY (`id`);

--
-- Indexes for table `reset`
--
ALTER TABLE `reset`
  ADD PRIMARY KEY (`id`);

--
-- Indexes for table `routes`
--
ALTER TABLE `routes`
  ADD PRIMARY KEY (`id`);

--
-- Indexes for table `support_id`
--
ALTER TABLE `support_id`
  ADD PRIMARY KEY (`id`);

--
-- Indexes for table `support_msg`
--
ALTER TABLE `support_msg`
  ADD PRIMARY KEY (`aidi`);

--
-- Indexes for table `token`
--
ALTER TABLE `token`
  ADD PRIMARY KEY (`id`);

--
-- Indexes for table `trading_account`
--
ALTER TABLE `trading_account`
  ADD PRIMARY KEY (`id`);

--
-- Indexes for table `trading_history`
--
ALTER TABLE `trading_history`
  ADD PRIMARY KEY (`id`);

--
-- Indexes for table `trx_proof`
--
ALTER TABLE `trx_proof`
  ADD PRIMARY KEY (`id`);

--
-- Indexes for table `users`
--
ALTER TABLE `users`
  ADD PRIMARY KEY (`id`);

--
-- Indexes for table `user_package`
--
ALTER TABLE `user_package`
  ADD PRIMARY KEY (`id`);

--
-- Indexes for table `wallet`
--
ALTER TABLE `wallet`
  ADD PRIMARY KEY (`userid`);

--
-- AUTO_INCREMENT for dumped tables
--

--
-- AUTO_INCREMENT for table `activate`
--
ALTER TABLE `activate`
  MODIFY `id` int NOT NULL AUTO_INCREMENT, AUTO_INCREMENT=84;

--
-- AUTO_INCREMENT for table `admin`
--
ALTER TABLE `admin`
  MODIFY `id` int NOT NULL AUTO_INCREMENT, AUTO_INCREMENT=3;

--
-- AUTO_INCREMENT for table `admin_bank`
--
ALTER TABLE `admin_bank`
  MODIFY `id` int NOT NULL AUTO_INCREMENT;

--
-- AUTO_INCREMENT for table `admin_routes`
--
ALTER TABLE `admin_routes`
  MODIFY `id` int NOT NULL AUTO_INCREMENT, AUTO_INCREMENT=28;

--
-- AUTO_INCREMENT for table `bank`
--
ALTER TABLE `bank`
  MODIFY `id` int NOT NULL AUTO_INCREMENT, AUTO_INCREMENT=11;

--
-- AUTO_INCREMENT for table `hash`
--
ALTER TABLE `hash`
  MODIFY `id` int NOT NULL AUTO_INCREMENT, AUTO_INCREMENT=4;

--
-- AUTO_INCREMENT for table `history`
--
ALTER TABLE `history`
  MODIFY `id` int NOT NULL AUTO_INCREMENT, AUTO_INCREMENT=1764;

--
-- AUTO_INCREMENT for table `manager`
--
ALTER TABLE `manager`
  MODIFY `id` int NOT NULL AUTO_INCREMENT, AUTO_INCREMENT=4;

--
-- AUTO_INCREMENT for table `package`
--
ALTER TABLE `package`
  MODIFY `package_id` int NOT NULL AUTO_INCREMENT;

--
-- AUTO_INCREMENT for table `profit_sharing`
--
ALTER TABLE `profit_sharing`
  MODIFY `id` int NOT NULL AUTO_INCREMENT, AUTO_INCREMENT=105;

--
-- AUTO_INCREMENT for table `rate`
--
ALTER TABLE `rate`
  MODIFY `id` int NOT NULL AUTO_INCREMENT, AUTO_INCREMENT=5;

--
-- AUTO_INCREMENT for table `request`
--
ALTER TABLE `request`
  MODIFY `id` int NOT NULL AUTO_INCREMENT, AUTO_INCREMENT=2;

--
-- AUTO_INCREMENT for table `reset`
--
ALTER TABLE `reset`
  MODIFY `id` int NOT NULL AUTO_INCREMENT, AUTO_INCREMENT=17;

--
-- AUTO_INCREMENT for table `routes`
--
ALTER TABLE `routes`
  MODIFY `id` int NOT NULL AUTO_INCREMENT, AUTO_INCREMENT=32;

--
-- AUTO_INCREMENT for table `support_id`
--
ALTER TABLE `support_id`
  MODIFY `id` int NOT NULL AUTO_INCREMENT, AUTO_INCREMENT=2;

--
-- AUTO_INCREMENT for table `support_msg`
--
ALTER TABLE `support_msg`
  MODIFY `aidi` int NOT NULL AUTO_INCREMENT, AUTO_INCREMENT=2;

--
-- AUTO_INCREMENT for table `token`
--
ALTER TABLE `token`
  MODIFY `id` int NOT NULL AUTO_INCREMENT;

--
-- AUTO_INCREMENT for table `trading_account`
--
ALTER TABLE `trading_account`
  MODIFY `id` int NOT NULL AUTO_INCREMENT, AUTO_INCREMENT=299;

--
-- AUTO_INCREMENT for table `trading_history`
--
ALTER TABLE `trading_history`
  MODIFY `id` int NOT NULL AUTO_INCREMENT, AUTO_INCREMENT=787;

--
-- AUTO_INCREMENT for table `trx_proof`
--
ALTER TABLE `trx_proof`
  MODIFY `id` int NOT NULL AUTO_INCREMENT;

--
-- AUTO_INCREMENT for table `users`
--
ALTER TABLE `users`
  MODIFY `id` int NOT NULL AUTO_INCREMENT, AUTO_INCREMENT=100162;

--
-- AUTO_INCREMENT for table `user_package`
--
ALTER TABLE `user_package`
  MODIFY `id` int NOT NULL AUTO_INCREMENT;
COMMIT;

/*!40101 SET CHARACTER_SET_CLIENT=@OLD_CHARACTER_SET_CLIENT */;
/*!40101 SET CHARACTER_SET_RESULTS=@OLD_CHARACTER_SET_RESULTS */;
/*!40101 SET COLLATION_CONNECTION=@OLD_COLLATION_CONNECTION */;
